lon,lat,elev,y_true,y_geo,y_egsg,diff
97.541778,29.444889,4284.122448979592,0.6473836734693877,0.64375156,0.6813619,0.037610352
94.629778,29.410222,3444.6938775510203,0.8129673469387755,0.7520762,0.83637375,0.08429754
94.976444,30.128444,3627.265306122449,0.8350571428571429,0.821552,0.8336828,0.012130797
94.733778,28.751556,1237.1836734693877,0.9028591836734693,0.9398772,0.9591536,0.01927638
93.844889,30.348,4504.2040816326535,0.8714244897959185,0.7265388,0.71808726,-0.008451521
93.625333,30.111556,3542.5102040816328,0.8681081632653063,0.7033358,0.6907262,-0.012609601
93.051111,30.162222,4989.244897959184,0.5418571428571428,0.45745584,0.32591397,-0.13154188
93.867111,29.340889,4173.734693877551,0.8472142857142857,0.6992387,0.8004296,0.101190865
93.507111,30.111556,4691.65306122449,0.6844959183673469,0.51727283,0.4997201,-0.017552733
93.101778,30.044,3745.5510204081634,0.8512918367346938,0.5874727,0.7456941,0.15822142
94.144444,29.964889,3796.204081632653,0.6648122448979592,0.69933546,0.75142,0.052084565
93.104444,28.127556,2517.795918367347,0.9230673469387756,0.84180963,0.8868696,0.04505998
95.704444,28.578222,2392.5102040816328,0.9384142857142856,0.9351875,0.8736199,-0.061567605
94.872444,29.271556,2838.2448979591836,0.8271979591836734,0.8073393,0.8551065,0.047767162
93.728444,29.756889,4884.755102040816,0.2144816326530612,0.6928686,0.4655328,-0.22733578
95.770222,30.229778,3203.734693877551,0.8451836734693877,0.7912672,0.8707491,0.0794819
94.941778,29.132889,1658.8367346938776,0.8918244897959184,0.8957728,0.87907994,-0.016692877
94.768444,29.999556,3388.8571428571427,0.8034244897959184,0.78333616,0.8602868,0.07695061
93.312444,29.895556,3388.1632653061224,0.553865306122449,0.6681416,0.66546094,-0.0026806593
94.629778,29.756889,4348.857142857143,0.6888020408163266,0.66971445,0.6951261,0.025411665
94.005778,28.474222,3240.081632653061,0.853,0.86924064,0.8449133,-0.024327338
93.208444,28.474222,4135.081632653061,0.8632857142857143,0.7865823,0.7126026,-0.073979676
96.363111,28.543556,3896.081632653061,0.6620775510204082,0.7564912,0.8034455,0.046954334
97.729333,30.398667,3012.918367346939,0.30847551020408165,0.6349818,0.6066356,-0.02834624
94.421778,28.578222,2135.4897959183672,0.9001918367346938,0.87613297,0.91678077,0.040647805
95.348,30.314222,3546.6326530612246,0.7545551020408163,0.7532524,0.85602236,0.10276997
94.452889,30.077778,4373.2040816326535,0.673530612244898,0.7706559,0.7183463,-0.052309573
97.087556,30.246667,4131.183673469388,0.7384530612244898,0.53690696,0.5803237,0.04341674
95.010222,30.145333,2118.2448979591836,0.6732959183673469,0.8526503,0.8174195,-0.035230756
97.965778,30.128444,4054.2244897959185,0.7958367346938776,0.5525862,0.6025238,0.049937606
94.179111,29.722222,3364.183673469388,0.8759183673469388,0.8055612,0.8561169,0.050555706
93.104444,28.196889,2977.3469387755104,0.8310469387755102,0.81591296,0.83211076,0.0161978
96.631556,30.381778,4621.693877551021,0.5987571428571429,0.6084435,0.58586687,-0.02257663
96.378222,30.381778,4574.7959183673465,0.5048816326530612,0.59826964,0.54863065,-0.049638987
95.364889,30.196,3468.4489795918366,0.8821387755102041,0.80302465,0.8521816,0.049156964
95.288444,29.860889,1885.7142857142858,0.8924224489795919,0.89175165,0.917317,0.025565326
93.659111,29.063556,4880.306122448979,0.42091632653061223,0.5811098,0.46337694,-0.11773288
95.516889,30.229778,4308.428571428572,0.8630836734693877,0.7446719,0.6598996,-0.08477229
96.051111,29.756889,4524.714285714285,0.45084897959183673,0.74051034,0.53453326,-0.20597708
94.109778,29.964889,3762.204081632653,0.7951,0.68497,0.73930335,0.05433333
93.971111,29.098222,4711.693877551021,0.5538755102040817,0.6891546,0.5430168,-0.14613783
94.959556,30.432444,4072.061224489796,0.6019959183673469,0.7572742,0.7993343,0.042060077
95.253778,28.855556,3296.9795918367345,0.801965306122449,0.822608,0.89448863,0.07188064
95.128444,30.212889,3098.0408163265306,0.9055081632653063,0.8361477,0.87497765,0.038829923
96.917778,28.578222,2014.591836734694,0.900557142857143,0.76993114,0.8412663,0.07133514
96.293778,28.820889,3284.918367346939,0.7981510204081633,0.80706555,0.84372735,0.036661804
97.645778,29.167556,4286.938775510204,0.5186693877551021,0.5518241,0.69260395,0.14077985
97.746222,30.280444,3763.1428571428573,0.7075938775510204,0.557892,0.67933476,0.121442735
97.992444,29.410222,4266.448979591837,0.7894448979591837,0.5781448,0.6096711,0.031526327
95.045778,29.271556,3132.3469387755104,0.8413122448979591,0.843331,0.8481793,0.0048483014
96.501778,29.548889,4325.7959183673465,0.18671428571428572,0.6658754,0.6246856,-0.04118979
97.056444,28.023556,3597.469387755102,0.8879551020408164,0.83532953,0.8846657,0.049336195
94.976444,30.381778,3288.8367346938776,0.8556081632653062,0.7457392,0.8581102,0.11237097
97.091111,28.751556,4445.428571428572,0.5878775510204082,0.7399976,0.5688727,-0.17112494
93.726667,30.128444,3999.0204081632655,0.7696632653061224,0.7309565,0.81752646,0.086569965
94.689333,30.246667,4235.142857142857,0.7286775510204082,0.8688531,0.74646693,-0.12238616
94.875111,30.331111,4326.734693877551,0.6111530612244899,0.821839,0.63246775,-0.18937123
95.149778,29.375556,3024.5510204081634,0.8667224489795919,0.8647603,0.8707115,0.0059512258
96.716,30.449333,3738.816326530612,0.30695918367346936,0.58102477,0.66558206,0.084557295
93.347111,28.231556,2776.0408163265306,0.8199693877551021,0.8559911,0.8675393,0.0115481615
97.091111,28.127556,2613.795918367347,0.9221244897959184,0.86366844,0.8144197,-0.049248755
93.416444,29.964889,4377.285714285715,0.8439959183673469,0.6329414,0.7043514,0.07141
96.224444,29.687556,3648.673469387755,0.48124285714285714,0.68116534,0.7648041,0.08363879
96.293778,30.381778,4507.326530612245,0.6957489795918367,0.63191867,0.58551913,-0.046399534
97.195111,28.300889,4250.326530612245,0.5550775510204082,0.75982726,0.7386013,-0.02122593
93.287556,30.432444,5156.959183673469,0.2905469387755102,0.48647937,0.37205908,-0.114420295
94.179111,29.964889,4554.816326530612,0.7480244897959184,0.6998327,0.6319208,-0.06791186
97.472444,29.618222,3297.8571428571427,0.4383551020408163,0.6395195,0.5614277,-0.0780918
96.395111,30.044,4431.9795918367345,0.5973775510204082,0.5478406,0.65873957,0.11089897
93.069778,28.647556,4147.6122448979595,0.8149755102040817,0.68258035,0.78871566,0.10613531
94.941778,29.028889,1684.4897959183672,0.9117510204081632,0.92932886,0.92090344,-0.008425415
93.878667,30.010222,4394.714285714285,0.8542714285714286,0.67369974,0.75099355,0.07729381
95.045778,29.375556,3271.877551020408,0.7541,0.8072245,0.86612105,0.05889654
97.125778,28.647556,3725.6938775510203,0.820034693877551,0.79595304,0.8157015,0.01974845
94.689333,30.212889,3759.0,0.8338673469387755,0.8357928,0.843383,0.0075902343
97.403111,29.132889,3326.612244897959,0.8597775510204081,0.72256446,0.85390884,0.13134438
93.104444,28.162222,2904.612244897959,0.8367816326530612,0.84101963,0.83972037,-0.001299262
95.461778,28.716889,3925.612244897959,0.7754061224489796,0.84940374,0.82117814,-0.0282256
93.381778,29.687556,4766.285714285715,0.7684122448979592,0.56788766,0.5084322,-0.059455454
95.381778,30.364889,3313.1020408163267,0.5637755102040817,0.78401536,0.83361524,0.049599886
95.348,30.483111,4599.530612244898,0.45876938775510206,0.7194097,0.60376096,-0.11564875
93.659111,28.404889,1472.204081632653,0.9400673469387755,0.9038517,0.9294375,0.02558583
96.040444,30.044,3396.7755102040815,0.7093918367346939,0.75740373,0.8030326,0.045628846
95.947111,29.756889,2929.918367346939,0.8104081632653061,0.781576,0.8121046,0.030528605
95.229778,30.044,2792.6326530612246,0.879277551020408,0.8577159,0.8747417,0.017025769
93.203111,30.331111,5100.65306122449,0.4738877551020408,0.47925425,0.3898531,-0.089401156
96.328444,28.924889,4380.7959183673465,0.42242448979591835,0.76102036,0.7386767,-0.022343636
94.486667,30.263556,3756.1632653061224,0.8581836734693877,0.83618945,0.8194134,-0.016776025
96.445778,30.229778,4085.061224489796,0.36781224489795916,0.6186849,0.6713509,0.05266601
93.101778,30.094667,3984.265306122449,0.8292877551020409,0.64345336,0.75703794,0.11358458
94.525778,28.924889,2684.0,0.8637326530612245,0.877157,0.88243276,0.005275786
94.283111,29.756889,3747.2244897959185,0.9171877551020409,0.7816344,0.8303953,0.04876089
95.348,30.280444,3933.4489795918366,0.8309428571428571,0.75282407,0.80530465,0.05248058
95.702667,30.044,3860.061224489796,0.8622938775510204,0.77602166,0.8166132,0.040591538
94.283111,28.543556,1929.9183673469388,0.8709142857142856,0.88907707,0.8912195,0.0021424294
96.496444,30.331111,4612.040816326531,0.651065306122449,0.56538826,0.5319266,-0.03346169
94.040444,28.370222,523.4081632653061,0.9515224489795919,0.9393643,0.9608332,0.021468878
95.044,30.398667,3913.469387755102,0.8571734693877552,0.7252408,0.801194,0.075953186
97.472444,28.890222,3054.734693877551,0.8406775510204081,0.77123654,0.875197,0.103960454
95.128444,30.246667,3232.3469387755104,0.7865591836734694,0.80505115,0.88235545,0.0773043
97.992444,29.202222,3206.387755102041,0.25508775510204085,0.662022,0.59732723,-0.06469476
95.045778,29.895556,3543.6938775510203,0.823265306122449,0.8546653,0.9201058,0.065440536
96.016444,29.756889,3953.9795918367345,0.7872897959183673,0.7618379,0.7322161,-0.02962178
93.069778,29.028889,4060.795918367347,0.7758102040816327,0.5934808,0.62871367,0.035232842
93.693778,28.196889,1997.0,0.9056897959183674,0.9011169,0.8989238,-0.0021930933
94.283111,29.271556,2942.4897959183672,0.5498551020408163,0.7305938,0.6572015,-0.07339227
95.323111,29.514222,1975.9795918367347,0.9010346938775511,0.87487704,0.9081769,0.033299863
97.403111,28.890222,4330.489795918367,0.6200632653061224,0.7502948,0.74812144,-0.0021733642
93.051111,30.077778,4245.0204081632655,0.8246367346938775,0.57565254,0.7095945,0.13394195
97.645778,29.236889,4613.938775510204,0.6130326530612245,0.5837412,0.5734467,-0.010294497
97.715111,29.548889,4379.081632653061,0.36451020408163265,0.5866654,0.59203994,0.005374551
97.229778,28.404889,4284.040816326531,0.352834693877551,0.7880107,0.7262829,-0.06172782
97.021778,28.196889,1410.0,0.8364081632653062,0.82987595,0.84950197,0.019626021
96.800444,30.280444,3878.3673469387754,0.5124448979591837,0.6173856,0.6885816,0.07119596
94.706222,30.010222,3481.4285714285716,0.8798,0.81793565,0.8597973,0.041861653
96.986222,30.212889,4133.959183673469,0.5098632653061224,0.54213643,0.61333895,0.07120252
97.333778,28.612889,2477.0408163265306,0.9316183673469388,0.8284302,0.91358674,0.08515656
95.808444,29.964889,3854.1020408163267,0.692538775510204,0.76721287,0.81261647,0.0454036
96.564,30.432444,3518.6530612244896,0.3923244897959184,0.6238939,0.67135334,0.047459424
97.813778,30.246667,4248.163265306122,0.6106510204081633,0.598959,0.6299622,0.031003177
96.987111,28.300889,1847.857142857143,0.7766081632653061,0.81818694,0.8612346,0.043047667
97.864444,30.212889,4432.102040816327,0.6856632653061224,0.6126894,0.64915234,0.036462963
94.560444,28.578222,1974.6122448979593,0.8909122448979592,0.8810698,0.8872151,0.0061452985
93.208444,28.162222,1414.1224489795918,0.9325632653061224,0.92378587,0.9722887,0.048502862
93.069778,28.231556,4020.6326530612246,0.6764142857142856,0.7943713,0.5444154,-0.2499559
94.179111,29.860889,4500.530612244898,0.8387693877551021,0.60628146,0.62766933,0.021387875
95.739111,29.826222,3852.4897959183672,0.7134204081632654,0.802408,0.7697436,-0.03266436
96.817333,30.077778,4128.285714285715,0.44339387755102044,0.54470724,0.5683298,0.023622572
96.259111,29.687556,4370.265306122449,0.5936061224489796,0.66196203,0.61638814,-0.04557389
97.264444,29.132889,4517.959183673469,0.4606122448979592,0.6863886,0.59924537,-0.08714324
94.907111,28.612889,1449.3673469387754,0.9142081632653062,0.91796076,0.90520644,-0.012754321
94.824444,30.212889,3485.5714285714284,0.6774897959183673,0.84679604,0.80664915,-0.040146887
93.422667,30.297333,4741.6122448979595,0.6929571428571428,0.6286262,0.49951273,-0.1291135
96.614667,30.145333,4692.857142857143,0.4580775510204082,0.452632,0.50824857,0.055616558
93.555111,28.266222,3673.204081632653,0.5077224489795918,0.8378717,0.588174,-0.24969769
93.236889,30.263556,4633.469387755102,0.8211306122448979,0.5740298,0.552505,-0.021524787
94.216444,30.398667,3757.2244897959185,0.9045265306122449,0.8352851,0.84825253,0.012967408
93.971111,29.964889,4634.65306122449,0.7637551020408163,0.7212508,0.6217986,-0.0994522
94.040444,28.716889,3611.3061224489797,0.7920816326530612,0.7789904,0.833119,0.054128587
93.555111,29.132889,4527.061224489796,0.7972918367346938,0.7409708,0.5835067,-0.15746409
95.323111,28.820889,3472.3469387755104,0.8979897959183675,0.79537815,0.8297431,0.03436494
94.803111,29.063556,1863.7142857142858,0.8960816326530612,0.850425,0.9055066,0.055081606
97.796889,30.280444,4382.510204081633,0.6327081632653061,0.6379646,0.59617066,-0.041793942
94.165778,30.331111,3660.6938775510203,0.9317489795918368,0.80905336,0.8513258,0.04227245
95.415556,30.162222,3071.9795918367345,0.862869387755102,0.80385876,0.82548326,0.021624506
93.035111,28.855556,3987.714285714286,0.6934979591836734,0.5856232,0.53375554,-0.051867664
94.040444,29.410222,4870.775510204082,0.3154591836734694,0.5943573,0.5432308,-0.05112654
95.427111,29.514222,1540.3469387755101,0.8975265306122449,0.92951417,0.93673265,0.00721848
97.830667,30.229778,3892.0,0.7095326530612245,0.58419657,0.653368,0.06917143
95.5,30.246667,3988.6326530612246,0.8449897959183674,0.75227714,0.81785005,0.06557292
97.229778,29.202222,4622.3877551020405,0.31866938775510195,0.6806816,0.4957795,-0.18490207
97.229778,29.132889,3299.285714285714,0.6383836734693877,0.68791765,0.8424746,0.15455693
93.439556,30.044,4767.918367346939,0.34521632653061224,0.664939,0.45860457,-0.20633441
96.716,30.229778,4507.469387755102,0.49502448979591834,0.57930285,0.6626883,0.08338547
97.729333,30.263556,4305.734693877551,0.6727775510204081,0.5146862,0.61584735,0.10116112
93.104444,29.028889,4073.081632653061,0.8838102040816326,0.6110316,0.6022789,-0.008752704
96.016444,28.924889,3473.265306122449,0.8794306122448979,0.85419106,0.8381127,-0.016078353
95.5,30.060889,3859.204081632653,0.7221959183673469,0.8013425,0.81507146,0.013728976
94.664444,28.612889,638.795918367347,0.9455959183673469,0.9469037,0.9639986,0.01709491
94.908889,30.280444,2839.2244897959185,0.9225530612244899,0.7994428,0.8594299,0.05998707
94.456444,29.756889,4660.755102040816,0.5597918367346939,0.62986565,0.5628505,-0.06701517
96.536444,29.063556,3137.5102040816328,0.7921061224489796,0.79203254,0.8632678,0.07123524
93.186222,30.263556,4935.3877551020405,0.5134408163265306,0.47855154,0.31716093,-0.1613906
94.733778,28.474222,1710.795918367347,0.9175918367346938,0.89756435,0.9000894,0.0025250316
95.115111,28.578222,1554.469387755102,0.9112632653061224,0.9093558,0.89377576,-0.015580058
96.779111,28.335556,3462.122448979592,0.7133448979591837,0.7409389,0.814611,0.073672116
94.525778,29.548889,3594.9591836734694,0.9300285714285714,0.7349057,0.8428191,0.107913375
97.543556,30.010222,4522.2040816326535,0.5695857142857144,0.45825696,0.37651092,-0.08174604
94.109778,28.682222,3406.061224489796,0.8114163265306122,0.79782665,0.8600949,0.062268257
93.034222,30.348,4915.6122448979595,0.628061224489796,0.46739706,0.5000794,0.03268233
96.293778,29.514222,4473.0204081632655,0.8235102040816326,0.7343705,0.5786215,-0.15574902
95.600444,29.687556,2964.4285714285716,0.8598142857142856,0.79340106,0.87811744,0.08471638
96.243111,30.364889,3701.795918367347,0.7982428571428571,0.70044404,0.8240347,0.12359065
93.659111,29.271556,4894.183673469388,0.4689306122448979,0.52103645,0.33933526,-0.18170118
93.659111,29.132889,3189.6530612244896,0.7730020408163265,0.73837894,0.8551659,0.11678696
95.704444,29.514222,3832.9591836734694,0.8252877551020409,0.7738945,0.722658,-0.05123651
97.299111,28.612889,2172.2244897959185,0.7968469387755102,0.8205722,0.89952934,0.07895714
97.264444,29.167556,4675.244897959184,0.40004693877551023,0.6776562,0.4840957,-0.19356048
95.618222,30.094667,4246.428571428572,0.704838775510204,0.7532416,0.6359698,-0.11727178
95.461778,29.410222,2526.5714285714284,0.9544,0.9061265,0.8896423,-0.016484201
95.398667,30.128444,3772.8979591836733,0.869742857142857,0.8182582,0.83448285,0.016224623
93.763111,29.306222,4640.061224489796,0.5274530612244899,0.48266846,0.5302267,0.047558248
93.347111,29.895556,3398.1020408163267,0.7191061224489795,0.6769297,0.66654533,-0.010384381
95.253778,29.999556,3907.8809523809523,0.6398469387755101,0.8739566,0.82070535,-0.053251266
94.520444,30.094667,4213.673469387755,0.8489877551020408,0.780735,0.77927136,-0.0014636517
94.491111,28.751556,3842.5510204081634,0.7266040816326531,0.81479955,0.7989484,-0.01585114
93.000444,29.410222,5084.238095238095,0.29958,0.4006579,0.40136713,0.00070923567
96.675111,28.300889,4028.0204081632655,0.5711081632653061,0.8401927,0.67460924,-0.16558343
93.139111,29.132889,3212.877551020408,0.7852938775510204,0.6351242,0.7755429,0.14041871
93.381778,29.583556,5078.469387755102,0.3173755102040816,0.411306,0.34451857,-0.06678742
95.263556,30.179111,4456.510204081633,0.6311489795918367,0.73626405,0.54480225,-0.1914618
95.263556,30.314222,3619.408163265306,0.8318591836734693,0.7906868,0.86031127,0.06962448
94.199556,30.044,4090.918367346939,0.8374836734693878,0.6788109,0.7685317,0.089720786
97.644889,30.483111,4508.65306122449,0.3985938775510204,0.593908,0.6642026,0.07029456
93.555111,29.826222,4786.775510204082,0.6792,0.64372736,0.41795442,-0.22577295
95.219111,29.271556,754.265306122449,0.9018122448979591,0.9369984,0.8939247,-0.043073714
94.872444,28.890222,2108.816326530612,0.8681530612244899,0.9378456,0.89029706,-0.047548532
94.664444,29.791556,4294.102040816327,0.7820081632653061,0.7199582,0.73170024,0.011742055
95.288444,28.890222,3399.8979591836733,0.6475938775510204,0.77299225,0.7858482,0.012855947
94.733778,28.890222,1250.1632653061224,0.9003836734693877,0.90617186,0.9403822,0.034210324
97.932,30.128444,4339.918367346939,0.6095224489795918,0.56968606,0.5151077,-0.054578364
93.451111,28.820889,4381.632653061224,0.882734693877551,0.63504404,0.6563308,0.021286786
93.069778,29.202222,4587.530612244898,0.7975367346938775,0.50842726,0.56740034,0.058973074
97.813778,30.381778,4417.183673469388,0.6187836734693878,0.5600726,0.6086032,0.04853058
95.331111,30.246667,3919.6938775510203,0.6408918367346939,0.7977029,0.80960786,0.011904955
96.378222,30.280444,3915.0,0.745930612244898,0.64071435,0.70414114,0.06342679
95.466222,30.145333,3005.8979591836733,0.7498387755102041,0.77299535,0.82508785,0.052092493
94.733778,29.826222,3166.081632653061,0.7995244897959184,0.77473044,0.8217182,0.046987772
93.203111,30.229778,4236.0204081632655,0.781965306122449,0.53153485,0.7702962,0.23876137
94.537333,30.010222,4370.959183673469,0.7769183673469388,0.7149463,0.7090228,-0.0059235096
94.250222,30.331111,3536.816326530612,0.9103938775510203,0.7917815,0.85006255,0.058281064
93.971111,29.028889,4629.734693877551,0.6204408163265306,0.64796364,0.58486426,-0.063099384
97.628,30.5,4222.755102040816,0.8265464285714286,0.60509276,0.6824659,0.07737315
93.709778,30.483111,5099.0,0.26163877551020404,0.6285736,0.35307932,-0.27549428
94.976444,28.508889,2128.1428571428573,0.9050673469387756,0.8974893,0.8363024,-0.06118691
95.989778,30.297333,4127.448979591837,0.9302326530612245,0.7504506,0.7765406,0.026089966
93.355111,30.364889,4192.469387755102,0.8322591836734693,0.5446849,0.78085643,0.23617154
93.624444,28.300889,3259.5714285714284,0.759769387755102,0.87838554,0.7920505,-0.08633506
94.283111,28.612889,3156.8979591836733,0.8736448979591837,0.883293,0.8472003,-0.0360927
93.693778,29.964889,3379.2244897959185,0.8464775510204081,0.7247426,0.79626995,0.07152736
95.288444,28.855556,3970.1428571428573,0.7367918367346938,0.794588,0.6962637,-0.09832436
94.421778,28.924889,3752.8367346938776,0.8492183673469388,0.8266863,0.81802243,-0.008663893
94.075111,28.959556,4125.755102040816,0.7729448979591838,0.75671554,0.7827686,0.026053071
97.763111,30.314222,3870.0408163265306,0.7835489795918367,0.62419546,0.68957555,0.0653801
96.155111,29.167556,2646.7755102040815,0.932169387755102,0.7752618,0.9130093,0.13774747
95.947111,29.479556,4118.306122448979,0.5826897959183673,0.7463144,0.5290549,-0.21725953
95.912444,29.756889,3457.795918367347,0.9386816326530613,0.7988653,0.86524314,0.06637782
97.222667,30.027111,4173.673469387755,0.5258693877551021,0.53796405,0.5407383,0.0027742386
96.744444,28.439556,3183.795918367347,0.9039265306122448,0.7703965,0.88942295,0.11902648
97.915111,30.263556,4108.734693877551,0.8174020408163265,0.56099135,0.51140785,-0.049583495
95.229778,30.027111,2675.8979591836733,0.9014693877551021,0.8818554,0.88777053,0.0059151053
97.091111,28.335556,3207.183673469388,0.9065204081632654,0.8223957,0.8307238,0.00832814
96.293778,29.063556,4241.3877551020405,0.616665306122449,0.785573,0.5585845,-0.2269885
93.104444,28.820889,3796.1428571428573,0.6825918367346939,0.53631294,0.5729572,0.03664428
94.976444,30.060889,3459.714285714286,0.8138734693877551,0.84243387,0.8415218,-0.0009120703
97.948889,30.094667,4081.5714285714284,0.49572040816326535,0.52557874,0.59910583,0.0735271
94.790667,30.010222,3318.0204081632655,0.9095081632653063,0.78728366,0.8510388,0.063755155
95.229778,30.179111,3697.1020408163267,0.8661244897959185,0.7457393,0.821832,0.07609272
95.045778,29.306222,3004.183673469388,0.7827448979591837,0.8228584,0.85937226,0.036513865
94.075111,29.618222,4966.6122448979595,0.1669367346938775,0.5643277,0.3204119,-0.24391583
93.451111,28.335556,3380.5510204081634,0.5929448979591837,0.8653017,0.86287236,-0.002429366
94.604889,30.077778,4097.6122448979595,0.8891020408163266,0.7504211,0.7968484,0.04642731
94.005778,28.647556,2516.4897959183672,0.8909918367346938,0.84364,0.85680985,0.013169825
95.770222,30.179111,3296.612244897959,0.9424591836734693,0.78023684,0.8630118,0.08277494
94.699111,28.959556,1569.265306122449,0.8572816326530612,0.8472915,0.902845,0.055553496
95.288444,29.652889,3895.0204081632655,0.6658979591836734,0.8387128,0.78872305,-0.04998976
97.729333,30.415556,3685.3469387755104,0.8753244897959185,0.6456757,0.6392233,-0.006452441
95.449333,30.381778,4000.4489795918366,0.8480693877551021,0.75236785,0.8177899,0.06542206
93.388889,30.263556,3822.877551020408,0.7796857142857143,0.6807527,0.8511369,0.17038423
94.402222,30.027111,4486.551020408163,0.7297183673469388,0.6781518,0.7241802,0.046028435
97.932,30.331111,4184.755102040816,0.7183714285714285,0.55886096,0.54126155,-0.017599404
94.664444,29.028889,3801.8367346938776,0.7355428571428572,0.8103114,0.78856313,-0.021748245
95.669778,29.722222,3214.612244897959,0.7613571428571428,0.76674795,0.77144605,0.0046980977
93.422667,30.128444,5051.122448979592,0.2976,0.60194695,0.42928803,-0.17265892
93.118667,30.077778,3714.938775510204,0.8710061224489797,0.6453334,0.75593776,0.110604346
95.149778,29.930222,2925.5102040816328,0.8263775510204081,0.8718365,0.8445354,-0.027301073
93.901778,28.474222,2684.9795918367345,0.8444510204081632,0.8412667,0.8012097,-0.040057003
95.739111,29.236889,3998.795918367347,0.6340367346938776,0.77036613,0.7496861,-0.02068001
97.125778,29.930222,3967.714285714286,0.5652897959183674,0.5871116,0.5677421,-0.019369483
96.108,30.297333,4360.9795918367345,0.5883387755102041,0.7137515,0.69431317,-0.019438326
93.208444,28.266222,3265.326530612245,0.7362571428571428,0.8064462,0.79936796,-0.0070782304
94.525778,28.612889,3388.734693877551,0.8030428571428572,0.8448783,0.7616355,-0.08324283
97.368444,28.959556,4639.65306122449,0.25562448979591834,0.7477866,0.5607003,-0.18708628
95.323111,29.687556,2411.5714285714284,0.961857142857143,0.87325966,0.90460014,0.03134048
95.635111,29.410222,2653.469387755102,0.9474530612244898,0.8413613,0.93714935,0.09578806
95.427111,29.479556,907.3265306122449,0.9233448979591836,0.9525999,0.9329766,-0.01962328
93.901778,29.340889,3740.918367346939,0.8894142857142857,0.74276066,0.7926013,0.04984063
95.045778,28.959556,1567.6530612244899,0.9136244897959185,0.9214527,0.91754717,-0.0039055347
93.381778,28.612889,3563.7755102040815,0.8916959183673469,0.78192216,0.8509433,0.069021165
96.749778,30.364889,4208.857142857143,0.7008816326530612,0.5248451,0.78378165,0.25893652
96.378222,30.212889,4369.734693877551,0.6902244897959183,0.6325758,0.68607336,0.053497553
95.704444,28.890222,2514.122448979592,0.872,0.8482151,0.8621317,0.013916612
94.655556,30.314222,2874.265306122449,0.9062040816326531,0.8339488,0.8670595,0.033110738
93.867111,29.167556,3866.8979591836733,0.8348857142857143,0.75449175,0.76375806,0.009266317
94.199556,30.398667,3813.0,0.769765306122449,0.8322928,0.8393651,0.0070723295
95.427111,29.340889,2494.6326530612246,0.8873244897959185,0.8802216,0.90331274,0.023091137
95.461778,29.132889,3829.8979591836733,0.7682857142857143,0.78752494,0.8255405,0.038015544
94.595111,28.543556,492.2857142857143,0.8953755102040816,0.93729186,0.9439892,0.0066973567
95.736444,30.229778,3087.1632653061224,0.8736979591836734,0.7959353,0.82606006,0.030124784
94.040444,29.687556,4150.591836734694,0.9565020408163265,0.7804784,0.8031381,0.02265966
95.263556,30.027111,2537.0204081632655,0.9144795918367347,0.8696091,0.8998431,0.03023398
95.323111,29.028889,2890.3469387755104,0.9031612244897959,0.7901948,0.8616378,0.07144296
94.179111,29.826222,4566.65306122449,0.5311755102040816,0.6580603,0.6486251,-0.009435236
96.884889,30.111556,4667.0,0.418234693877551,0.57021105,0.5693395,-0.0008715391
94.491111,29.098222,2676.918367346939,0.8562979591836735,0.8181869,0.8530032,0.034816325
96.445778,30.145333,4366.7959183673465,0.5274775510204082,0.619882,0.6483021,0.02842009
97.333778,29.583556,4681.816326530612,0.6558306122448979,0.6482853,0.47336882,-0.1749165
95.348,30.212889,3784.816326530612,0.8858061224489796,0.79814917,0.8571347,0.05898553
95.288444,28.959556,3690.061224489796,0.8524,0.7654927,0.8078323,0.042339623
95.219111,28.820889,2119.387755102041,0.8961612244897958,0.8832958,0.91358274,0.030286968
95.804,30.162222,4740.183673469388,0.29282244897959187,0.7174625,0.4254825,-0.29197997
97.715111,28.682222,4441.0204081632655,0.6679938775510205,0.6168085,0.6127369,-0.0040715933
95.044,30.094667,3380.6530612244896,0.8567775510204081,0.88216937,0.86313045,-0.019038916
97.195111,28.196889,3948.3061224489797,0.6479326530612245,0.75810456,0.7843051,0.026200533
94.075111,28.231556,947.6530612244898,0.9123224489795919,0.9300444,0.90842485,-0.021619558
93.253778,30.128444,4636.877551020408,0.6453612244897959,0.525372,0.60050726,0.07513523
96.120444,28.751556,3370.2448979591836,0.870230612244898,0.81941164,0.7491464,-0.07026523
96.192444,30.449333,4565.591836734694,0.6227857142857143,0.56358993,0.59492266,0.03133273
94.040444,29.999556,4325.023809523809,0.8881530612244898,0.7208965,0.6712927,-0.04960376
96.547111,30.179111,4140.938775510204,0.7361122448979592,0.6198243,0.74337584,0.12355155
94.179111,29.410222,4796.877551020408,0.46045102040816327,0.63065034,0.47604957,-0.15460077
94.469778,30.111556,4097.367346938776,0.821657142857143,0.7575326,0.7839748,0.02644223
96.259111,28.578222,3654.265306122449,0.8390755102040816,0.80240905,0.8502296,0.047820568
93.208444,29.687556,4630.938775510204,0.6475204081632654,0.50107753,0.52975667,0.028679132
93.104444,28.578222,3808.816326530612,0.8591673469387755,0.7653594,0.85577124,0.09041184
95.115111,29.132889,2215.4897959183672,0.9097040816326531,0.90763354,0.8911651,-0.016468465
96.397778,28.890222,3505.326530612245,0.8850244897959184,0.80012214,0.8772693,0.077147186
94.317778,28.786222,2955.3061224489797,0.8799979591836734,0.8700149,0.87541986,0.005404949
96.397778,28.266222,3833.4897959183672,0.6893061224489796,0.812899,0.7569528,-0.05594617
94.699111,28.994222,3474.8367346938776,0.8355204081632653,0.8326822,0.8034053,-0.029276907
96.883111,28.994222,4245.102040816327,0.6202244897959184,0.7680501,0.6906416,-0.07740849
97.056444,28.959556,4132.65306122449,0.7648571428571428,0.7638118,0.74554425,-0.018267572
93.693778,28.647556,3572.2448979591836,0.8314204081632653,0.75441974,0.7693656,0.014945865
94.352444,29.132889,3691.2448979591836,0.7938571428571428,0.75877255,0.84125763,0.08248508
94.456444,29.098222,2992.469387755102,0.8167102040816326,0.8271677,0.8684422,0.041274488
96.699111,30.466222,3559.5510204081634,0.24670204081632652,0.57904047,0.59790754,0.018867075
95.184444,29.583556,3758.122448979592,0.6523020408163266,0.75408894,0.77509314,0.0210042
96.428889,30.246667,3972.673469387755,0.3638959183673469,0.6283787,0.6547592,0.026380539
94.595111,28.716889,2282.877551020408,0.8596897959183675,0.8932894,0.9194266,0.026137233
94.664444,28.578222,524.8571428571429,0.9530734693877552,0.9504622,0.9369862,-0.013476014
94.841333,30.196,3597.6530612244896,0.8422571428571429,0.8192331,0.8324795,0.013246357
95.115111,29.930222,2330.673469387755,0.9012673469387755,0.8800663,0.908684,0.02861774
97.712444,30.162222,5113.836734693878,0.542069387755102,0.3780524,0.3816075,0.0035550892
97.628,30.398667,4215.469387755102,0.7000020408163266,0.59665036,0.6666417,0.06999135
96.779111,28.786222,3363.4285714285716,0.8418102040816325,0.80135936,0.811001,0.009641647
94.421778,29.618222,3608.4489795918366,0.8601040816326531,0.7576728,0.7340974,-0.023575366
94.267111,30.297333,4402.306122448979,0.2743510204081633,0.7976534,0.6907404,-0.10691297
94.858222,30.331111,3964.6530612244896,0.6516183673469388,0.8257787,0.7906001,-0.0351786
94.699111,29.999556,2803.2619047619046,0.7333020408163266,0.8253756,0.7574327,-0.06794292
96.952444,30.162222,4699.040816326531,0.4401673469387755,0.595168,0.56222147,-0.032946527
97.982667,30.010222,4385.040816326531,0.5387857142857143,0.5467288,0.46662152,-0.08010727
93.520444,28.439556,3821.3673469387754,0.8362755102040815,0.85335314,0.7306497,-0.12270343
95.565778,29.618222,4211.489795918367,0.6176040816326531,0.8162349,0.7352295,-0.081005394
97.229778,28.820889,4050.3061224489797,0.7135367346938776,0.7738302,0.70463365,-0.06919652
93.659111,29.687556,3954.816326530612,0.9756122448979592,0.6575205,0.7904553,0.13293481
93.861778,30.415556,4547.510204081633,0.7433693877551021,0.71605176,0.5929794,-0.123072386
95.246667,30.027111,2639.6938775510203,0.9185755102040816,0.88244677,0.9032329,0.020786107
93.659111,28.924889,4381.489795918367,0.7687897959183674,0.6192591,0.6718676,0.05260849
94.317778,28.404889,3327.795918367347,0.8687571428571429,0.86147946,0.78640014,-0.07507932
94.689333,30.145333,3730.2448979591836,0.8458102040816325,0.7353752,0.8523316,0.11695635
94.621778,30.060889,4517.489795918367,0.5785204081632653,0.75951684,0.58010405,-0.17941278
93.473333,30.044,4146.551020408163,0.8117061224489796,0.6257075,0.8132127,0.18750519
93.118667,30.094667,3728.2448979591836,0.8270285714285713,0.6551229,0.7554629,0.10034001
93.797778,28.370222,2407.387755102041,0.8988510204081632,0.9347364,0.8821079,-0.052628458
96.682222,30.449333,3321.387755102041,0.22232448979591835,0.6261413,0.67769325,0.051551938
93.312444,28.578222,4080.081632653061,0.8390244897959185,0.766032,0.74058026,-0.02545172
95.080444,28.751556,3188.816326530612,0.8677020408163265,0.89218384,0.82348806,-0.06869578
97.611111,30.432444,3756.8571428571427,0.784261224489796,0.63170105,0.651742,0.02004093
95.149778,29.756889,2549.265306122449,0.9404469387755102,0.83278483,0.7578482,-0.07493663
93.035111,28.682222,4613.755102040816,0.4728959183673469,0.6513367,0.5286557,-0.12268102
93.797778,29.375556,4102.591836734694,0.7956428571428572,0.5516111,0.7979005,0.24628937
94.081333,30.415556,3707.0408163265306,0.7307142857142856,0.77980065,0.84062976,0.060829103
94.456444,29.652889,4278.306122448979,0.8212204081632654,0.7251755,0.7281176,0.0029420853
93.693778,29.548889,4903.734693877551,0.36651020408163265,0.4948375,0.3539194,-0.1409181
96.800444,30.263556,3371.3469387755104,0.2463877551020408,0.6046597,0.68097323,0.076313555
94.858222,30.314222,3887.326530612245,0.8148183673469388,0.810865,0.79021555,-0.020649433
96.189778,28.751556,2724.6938775510203,0.8716571428571429,0.8354906,0.8660233,0.030532718
96.293778,29.964889,4455.510204081633,0.43183673469387757,0.59479135,0.6488898,0.054098427
96.675111,28.370222,2150.061224489796,0.9241,0.78613985,0.95602995,0.1698901
96.868,30.297333,5012.163265306122,0.4314367346938776,0.5531889,0.3424496,-0.21073931
93.451111,28.751556,4943.489795918367,0.47349795918367343,0.6337252,0.3695343,-0.2641909
93.901778,29.999556,3537.9761904761904,0.9058857142857143,0.67886144,0.6448924,-0.033969045
93.416444,28.370222,2557.1632653061224,0.8728714285714286,0.8535686,0.9014364,0.047867775
93.726667,30.415556,4334.244897959184,0.8895571428571429,0.64459145,0.6975101,0.052918673
95.392444,29.548889,964.9183673469388,0.9326102040816325,0.8886586,0.9659162,0.07725763
94.807556,30.229778,3053.714285714286,0.888795918367347,0.8702268,0.88776827,0.017541468
97.425333,30.094667,4122.408163265306,0.5570428571428572,0.5343456,0.5772748,0.042929173
94.976444,30.466222,3473.204081632653,0.8860265306122448,0.7657118,0.8279351,0.062223315
94.629778,29.098222,3211.530612244898,0.8579142857142857,0.7799427,0.7758145,-0.0041282177
95.483111,30.415556,3729.673469387755,0.9429571428571429,0.70995307,0.8681146,0.15816152
96.120444,28.994222,3248.4285714285716,0.746230612244898,0.7718705,0.85457647,0.082705975
93.355111,30.263556,5041.714285714285,0.26932040816326536,0.67599326,0.46765494,-0.20833832
97.091111,28.023556,3376.183673469388,0.9313571428571429,0.81938875,0.8580948,0.038706064
95.392444,29.271556,2335.6938775510203,0.8715836734693878,0.9007751,0.87668544,-0.024089634
96.363111,29.202222,2812.9795918367345,0.9067632653061224,0.82159585,0.92368925,0.1020934
95.077778,30.196,2940.5102040816328,0.9049918367346937,0.84607613,0.8887843,0.04270816
93.728444,28.196889,2053.0408163265306,0.8848081632653062,0.90144914,0.91905546,0.017606318
94.421778,28.404889,3096.1632653061224,0.8850836734693878,0.89267385,0.88876134,-0.0039125085
93.936444,29.306222,3905.4489795918366,0.9171714285714286,0.76864797,0.84327763,0.074629664
93.901778,29.202222,3093.591836734694,0.5911285714285714,0.7542975,0.6547435,-0.099554
94.317778,30.432444,4444.326530612245,0.626695918367347,0.79087347,0.65605205,-0.13482141
97.881333,30.246667,3449.8571428571427,0.553834693877551,0.60721576,0.5627915,-0.044424236
96.648444,30.5,4228.510204081633,0.7544928571428572,0.63414675,0.7222317,0.088084936
94.352444,29.964889,4194.551020408163,0.8290285714285713,0.68703413,0.73053175,0.043497622
93.589778,29.271556,4571.530612244898,0.6834326530612245,0.6080076,0.58586967,-0.02213794
93.035111,29.202222,4868.693877551021,0.5639081632653061,0.48668236,0.40415788,-0.08252448
96.006667,30.297333,4305.285714285715,0.7789326530612245,0.75103235,0.71980333,-0.03122902
94.213778,28.820889,2442.877551020408,0.8943081632653063,0.88044447,0.8917527,0.011308253
96.395111,30.331111,4132.306122448979,0.6725897959183673,0.6007029,0.67930335,0.078600466
97.78,30.280444,3572.795918367347,0.6969428571428572,0.6299489,0.6697858,0.039836884
94.368444,30.449333,4360.3877551020405,0.7005551020408163,0.79183125,0.680633,-0.11119825
97.982667,30.263556,3512.8367346938776,0.4647632653061224,0.5081876,0.46706295,-0.041124642
94.629778,28.404889,943.469387755102,0.9276428571428571,0.9008028,0.9709256,0.07012284
95.669778,28.751556,2311.530612244898,0.9000163265306123,0.87880003,0.8772917,-0.0015083551
97.982667,30.179111,3765.7755102040815,0.7325367346938776,0.5863522,0.572552,-0.013800204
93.381778,29.340889,4864.265306122449,0.20171428571428573,0.42971006,0.38172212,-0.047987938
93.693778,29.930222,4870.632653061224,0.6566040816326532,0.6827999,0.34269452,-0.34010535
95.323111,29.306222,1449.8163265306123,0.9174510204081633,0.9149974,0.9269819,0.011984527
95.843111,29.756889,2930.3469387755104,0.8927551020408164,0.81956613,0.8643284,0.044762254
95.739111,29.340889,4378.591836734694,0.7220285714285715,0.7826691,0.65646756,-0.12620157
95.461778,28.855556,2391.734693877551,0.8813448979591836,0.85008645,0.87735987,0.027273417
93.726667,30.466222,4453.061224489796,0.7754571428571428,0.63585615,0.6938017,0.05794555
93.591556,30.077778,4386.244897959184,0.8603020408163266,0.7441652,0.7195539,-0.024611294
97.923111,29.548889,3999.673469387755,0.5711142857142857,0.58802867,0.61181766,0.023788989
96.817333,30.094667,4349.081632653061,0.2952755102040817,0.55470854,0.6618975,0.10718894
93.084889,30.094667,4445.6122448979595,0.8044653061224489,0.6308792,0.6527768,0.021897554
93.208444,28.127556,1232.8979591836735,0.9248857142857143,0.9211345,0.9199933,-0.0011411905
97.982667,30.077778,3568.2448979591836,0.6367510204081632,0.542796,0.60609126,0.063295245
93.451111,29.340889,4382.7959183673465,0.7602591836734695,0.513048,0.7177588,0.20471078
95.669778,28.647556,2406.7755102040815,0.9245,0.8820108,0.86651516,-0.015495658
95.011111,29.999556,3207.904761904762,0.8677204081632653,0.86793184,0.82926935,-0.038662493
95.364889,30.364889,4244.448979591837,0.5993244897959183,0.7811613,0.74584526,-0.03531605
96.709778,28.196889,1938.7755102040817,0.9420367346938776,0.8729898,0.88146484,0.008475065
93.760444,30.010222,4300.755102040816,0.8189795918367346,0.73254234,0.7778988,0.045356452
93.555111,28.335556,2513.591836734694,0.8841367346938775,0.8966565,0.90224016,0.005583644
96.744444,28.682222,3871.3469387755104,0.6822265306122449,0.7914335,0.762441,-0.028992534
95.565778,28.820889,2258.326530612245,0.8937244897959185,0.9012886,0.8918667,-0.009421945
93.591556,30.381778,5042.489795918367,0.2854469387755102,0.6079697,0.4050443,-0.20292541
93.277778,28.404889,3215.591836734694,0.8715428571428571,0.8009824,0.8681477,0.067165256
93.589778,29.826222,5032.857142857143,0.16204081632653056,0.6672164,0.27375773,-0.3934587
93.728444,28.924889,3936.183673469388,0.9322714285714286,0.7160352,0.81031215,0.094276965
96.259111,28.266222,3181.4897959183672,0.8869448979591836,0.8430122,0.87705815,0.034045935
93.844889,30.044,4849.244897959184,0.5438122448979592,0.6461188,0.46392584,-0.18219298
94.525778,29.028889,2445.0,0.8631387755102041,0.83013576,0.89191496,0.0617792
94.595111,29.410222,3957.183673469388,0.9176102040816326,0.7354935,0.82818854,0.09269506
93.555111,29.791556,4888.326530612245,0.46197959183673465,0.6213705,0.27644622,-0.34492427
96.428889,30.027111,4926.163265306122,0.22664693877551023,0.54169035,0.37180123,-0.16988912
95.704444,29.167556,3257.734693877551,0.868742857142857,0.7774019,0.85296947,0.07556754
95.045778,28.682222,1512.8775510204082,0.9110734693877551,0.8683856,0.88880986,0.020424247
96.189778,28.959556,3715.7551020408164,0.5872061224489795,0.76004606,0.793111,0.03306496
97.729333,30.449333,4268.65306122449,0.46734693877551015,0.6422286,0.5836377,-0.05859089
97.02,30.229778,4182.244897959184,0.7140204081632654,0.531636,0.5726536,0.041017592
93.624444,29.028889,4947.0204081632655,0.29309795918367343,0.51631117,0.39918706,-0.11712411
93.589778,29.756889,3692.2448979591836,0.8790183673469388,0.6715819,0.86977935,0.19819742
94.723111,30.060889,3957.816326530612,0.8015551020408163,0.7269764,0.82284975,0.095873356
96.501778,29.132889,4197.285714285715,0.7537408163265306,0.7970533,0.7077054,-0.0893479
94.179111,29.652889,4765.244897959184,0.5000959183673469,0.75846595,0.58764386,-0.17082208
93.878667,30.229778,3787.2244897959185,0.8791163265306122,0.7492934,0.8623742,0.1130808
97.391556,30.145333,4526.775510204082,0.46783877551020403,0.5227623,0.4890799,-0.033682406
93.372,30.128444,3976.204081632653,0.8811673469387755,0.6431085,0.8120711,0.1689626
95.871556,30.044,4378.959183673469,0.679934693877551,0.779132,0.6281117,-0.15102029
93.693778,29.514222,4936.2040816326535,0.35885510204081633,0.5474535,0.41149625,-0.13595727
96.051111,28.439556,2589.8367346938776,0.8981081632653062,0.8425225,0.86878234,0.02625984
94.317778,29.652889,3422.6938775510203,0.8666959183673469,0.7968491,0.8710584,0.07420933
93.069778,28.370222,3631.3673469387754,0.8516510204081633,0.7115515,0.8198297,0.108278215
95.804,30.044,3776.469387755102,0.918534693877551,0.8116826,0.81689286,0.0052102804
96.851111,30.229778,4896.755102040816,0.47740612244897956,0.5767461,0.44082516,-0.13592094
97.611111,28.890222,4220.469387755102,0.6894183673469388,0.72245306,0.7501986,0.027745545
94.491111,29.548889,3285.204081632653,0.8784183673469388,0.7501538,0.8079294,0.057775617
94.664444,28.924889,2375.3673469387754,0.8539183673469388,0.8529873,0.8994596,0.04647231
93.589778,28.647556,3436.1632653061224,0.7421795918367347,0.76094395,0.8374926,0.076548636
96.969333,30.246667,4563.9795918367345,0.5217979591836734,0.5133953,0.64921516,0.13581985
94.421778,28.474222,2199.8367346938776,0.9200081632653062,0.88573885,0.90909886,0.023360014
95.432444,30.229778,4600.244897959184,0.21914489795918368,0.764423,0.4942786,-0.2701444
94.267111,30.010222,4584.285714285715,0.6980448979591837,0.67813146,0.57272756,-0.1054039
93.000444,28.820889,4721.476190476191,0.5429342857142857,0.60048366,0.5386869,-0.061796784
95.567556,30.398667,4461.306122448979,0.7947775510204081,0.65385646,0.65987104,0.0060145855
93.912444,30.432444,4792.571428571428,0.6356918367346939,0.72624505,0.5136868,-0.21255827
94.733778,29.410222,3408.734693877551,0.8053959183673469,0.7576317,0.8281902,0.07055849
96.536444,28.370222,3134.4489795918366,0.7784795918367347,0.8688202,0.878816,0.009995818
97.560444,30.381778,4758.897959183673,0.41490612244897956,0.47795093,0.54065585,0.06270492
95.077778,30.162222,4401.510204081633,0.6371040816326531,0.8223004,0.5835265,-0.23877388
95.702667,30.162222,3264.938775510204,0.7967591836734694,0.74710816,0.84387153,0.09676337
96.226222,30.381778,4503.122448979592,0.46470204081632654,0.69732594,0.5976382,-0.099687755
95.011111,28.924889,1077.3877551020407,0.9320714285714287,0.9249382,0.9708923,0.04595411
96.155111,28.647556,2253.5102040816328,0.9248163265306122,0.8971458,0.9093944,0.012248576
94.807556,30.483111,3534.0204081632655,0.7992897959183674,0.72269684,0.8130037,0.09030688
94.213778,29.479556,4389.591836734694,0.7842795918367347,0.6934898,0.6358929,-0.057596862
96.496444,30.297333,4891.265306122449,0.409265306122449,0.5520999,0.35602167,-0.19607821
95.912444,28.890222,2784.183673469388,0.8886489795918368,0.8883476,0.8663499,-0.02199775
96.361333,30.348,4148.142857142857,0.45203673469387756,0.62057614,0.6749248,0.054348648
93.104444,28.786222,4847.081632653061,0.3242408163265306,0.53284836,0.43684262,-0.09600574
97.965778,30.263556,3480.6938775510203,0.4920265306122449,0.50737965,0.43800285,-0.0693768
93.068,30.263556,3951.5102040816328,0.8703591836734693,0.57401854,0.6438374,0.069818854
94.248444,29.791556,3379.816326530612,0.9133816326530612,0.7499963,0.8425491,0.09255278
93.971111,28.751556,3511.4897959183672,0.8030306122448979,0.7482382,0.81474906,0.066510856
95.288444,29.444889,3090.326530612245,0.9015306122448979,0.9043449,0.8825041,-0.02184081
93.035111,29.098222,4740.897959183673,0.303565306122449,0.575339,0.49962342,-0.0757156
96.310667,30.348,4636.897959183673,0.48106938775510205,0.6387354,0.511824,-0.1269114
97.507111,28.751556,4276.081632653061,0.7770020408163265,0.79193157,0.73029023,-0.061641335
95.011111,28.959556,1165.6734693877552,0.9196612244897958,0.9303142,0.92463183,-0.005682349
94.520444,30.280444,3311.4285714285716,0.6855265306122449,0.8202964,0.8709156,0.050619185
93.000444,29.964889,4023.3571428571427,0.7986342857142856,0.64624125,0.7995579,0.15331668
96.328444,28.578222,3650.591836734694,0.8284122448979592,0.7751615,0.8474273,0.072265804
95.115111,29.826222,1847.4489795918366,0.5975775510204082,0.87736326,0.91375357,0.036390305
97.403111,28.474222,4618.34693877551,0.2588897959183673,0.65860975,0.58518517,-0.07342458
95.184444,28.994222,3213.4489795918366,0.9273367346938776,0.82161635,0.8757023,0.05408597
97.78,30.331111,3448.4489795918366,0.5565428571428571,0.60729915,0.62692803,0.019628882
93.485778,28.370222,1476.8367346938776,0.9199857142857143,0.8807027,0.9602289,0.079526246
97.888444,29.410222,3788.387755102041,0.542534693877551,0.5865802,0.59516186,0.008581638
95.427111,29.687556,2471.9591836734694,0.8903530612244899,0.8748776,0.90440166,0.029524088
97.819111,29.306222,4189.530612244898,0.5857102040816327,0.6443029,0.69743115,0.053128242
94.179111,29.756889,3402.530612244898,0.8165775510204082,0.7760527,0.8533074,0.07725471
95.010222,30.196,3830.6326530612246,0.8651428571428571,0.80125225,0.76442873,-0.03682351
94.182667,30.094667,4186.408163265306,0.9331387755102042,0.7018776,0.7366837,0.034806132
95.600444,29.722222,3394.2448979591836,0.8600244897959185,0.7939098,0.8322798,0.038370013
93.659111,28.578222,2910.3469387755104,0.9203755102040816,0.77212036,0.8934184,0.121298015
93.589778,29.236889,3825.204081632653,0.8590326530612244,0.61728597,0.8369797,0.21969372
94.554222,30.027111,4652.775510204082,0.5475918367346939,0.79501843,0.6175524,-0.17746603
97.957778,29.132889,3570.5102040816328,0.6736448979591837,0.64256823,0.6370113,-0.005556941
94.387111,29.652889,3248.122448979592,0.6984632653061225,0.75801086,0.69860196,-0.059408903
94.421778,29.826222,4576.244897959184,0.7568530612244898,0.6345282,0.6078604,-0.026667833
96.699111,30.060889,4438.714285714285,0.3312040816326531,0.6277602,0.6523517,0.024591506
94.491111,29.826222,4382.816326530612,0.8090081632653061,0.60237825,0.76433396,0.16195571
97.577333,30.381778,4657.836734693878,0.4178448979591837,0.5119134,0.51024485,-0.0016685724
95.669778,28.716889,2905.387755102041,0.9244102040816325,0.87373114,0.8675657,-0.006165445
94.213778,28.855556,2659.8979591836733,0.8716571428571429,0.8760961,0.8890911,0.012994945
94.081333,30.229778,4192.408163265306,0.728930612244898,0.6896169,0.7662376,0.0766207
94.421778,29.930222,4357.918367346939,0.771634693877551,0.68557966,0.73851126,0.052931607
94.040444,28.335556,535.4285714285714,0.9734387755102042,0.9429796,0.97983485,0.03685528
94.456444,28.924889,3120.204081632653,0.812261224489796,0.8445351,0.866201,0.021665871
94.664444,29.479556,3297.265306122449,0.7941183673469387,0.7010606,0.7182102,0.017149627
93.936444,29.826222,4550.081632653061,0.8188081632653061,0.7136768,0.6307636,-0.08291322
97.594222,30.381778,4414.142857142857,0.678865306122449,0.5328703,0.6108183,0.077948034
93.355111,30.212889,3875.7551020408164,0.8967122448979591,0.67005235,0.85782015,0.1877678
94.768444,28.855556,943.7755102040817,0.9133244897959184,0.9197025,0.92833525,0.008632779
93.451111,29.860889,4502.714285714285,0.5508367346938776,0.6458824,0.684035,0.038152575
93.372,30.331111,4212.428571428572,0.8382632653061224,0.5983613,0.77543044,0.17706913
96.395111,30.263556,3681.8571428571427,0.29478979591836735,0.65752304,0.70233697,0.04481393
93.104444,28.439556,3916.816326530612,0.8013122448979593,0.7664651,0.8248226,0.058357477
97.403111,28.924889,4240.0,0.6000897959183673,0.7548292,0.75441515,-0.00041407347
95.323111,29.410222,2250.5102040816328,0.8845081632653062,0.90925545,0.91690385,0.0076484084
94.872444,28.924889,1772.265306122449,0.8793020408163266,0.9431646,0.9110247,-0.032139897
97.374667,30.094667,4589.857142857143,0.32174897959183674,0.51113534,0.4014406,-0.10969475
93.068,30.297333,4263.040816326531,0.7429816326530612,0.5638733,0.68561244,0.12173915
95.668889,30.111556,4175.163265306122,0.5331285714285715,0.71369916,0.7236052,0.009906054
93.797778,28.196889,2144.2244897959185,0.9044469387755102,0.87797314,0.89053214,0.012558997
97.160444,28.682222,4300.857142857143,0.3574551020408163,0.77220637,0.63799787,-0.1342085
97.056444,29.999556,3282.8809523809523,0.6518510204081632,0.5778192,0.58915836,0.011339128
94.421778,29.548889,3192.122448979592,0.7255877551020408,0.76623297,0.80908626,0.042853296
93.844889,30.094667,4657.693877551021,0.5997489795918367,0.6411412,0.552467,-0.08867419
94.109778,28.266222,380.9591836734694,0.9182040816326531,0.9524925,0.9734287,0.02093625
94.387111,28.751556,2456.612244897959,0.9173163265306122,0.8403031,0.8886845,0.04838139
97.368444,28.300889,4357.142857142857,0.5922530612244898,0.6863145,0.64431286,-0.042001665
95.753333,30.280444,3614.7551020408164,0.9116163265306122,0.76465654,0.87364197,0.108985424
95.770222,30.145333,3598.081632653061,0.9394469387755102,0.7714996,0.83954084,0.068041265
94.773778,30.212889,3170.714285714286,0.863177551020408,0.87774825,0.8444195,-0.03332877
96.124889,30.415556,3883.5714285714284,0.6044469387755101,0.60437083,0.8083205,0.20394969
94.892,30.297333,3942.5102040816328,0.8179040816326532,0.79536015,0.7795741,-0.015786052
96.675111,29.028889,3549.6326530612246,0.7519510204081633,0.81807786,0.81387,-0.0042078495
96.276889,30.381778,4715.65306122449,0.40577142857142856,0.6450306,0.4921834,-0.15284723
96.192444,30.466222,4607.714285714285,0.7093081632653061,0.54265237,0.56676936,0.024116993
97.712444,30.415556,3707.5510204081634,0.4657306122448979,0.64527863,0.63534623,-0.009932399
97.923111,29.167556,4239.0,0.7696632653061224,0.6575792,0.7408981,0.08331889
95.149778,28.855556,1977.8775510204082,0.8891489795918367,0.8915393,0.8912891,-0.0002501607
94.837778,29.964889,2932.6326530612246,0.8478510204081633,0.8143316,0.88655734,0.07222575
93.624444,29.930222,4817.918367346939,0.27955714285714284,0.6831845,0.41633013,-0.26685438
94.959556,30.466222,3657.9591836734694,0.7661959183673469,0.76496816,0.7969833,0.032015145
95.550667,30.128444,4237.673469387755,0.7659897959183674,0.7266978,0.74162155,0.014923751
96.851111,30.297333,4086.530612244898,0.8737795918367347,0.575663,0.79043156,0.21476859
93.867111,28.647556,3496.0204081632655,0.7706857142857143,0.8125795,0.83112764,0.018548131
94.165778,30.364889,3838.877551020408,0.8121040816326531,0.8023679,0.83077043,0.028402507
95.877778,28.959556,2746.673469387755,0.903269387755102,0.85534215,0.8700238,0.014681637
95.652,30.027111,3931.591836734694,0.8926183673469388,0.76236564,0.81110644,0.048740804
93.728444,28.786222,3712.469387755102,0.8442571428571429,0.75413185,0.7975091,0.04337722
94.664444,29.514222,3281.122448979592,0.8378081632653062,0.70259666,0.7181365,0.015539825
97.472444,28.751556,2656.0408163265306,0.7341061224489795,0.77987367,0.89392555,0.11405188
93.451111,28.231556,3112.6938775510203,0.823369387755102,0.88323116,0.8637003,-0.019530892
95.149778,29.340889,2679.7551020408164,0.8857530612244898,0.88905203,0.91096604,0.021914005
93.101778,30.027111,3955.183673469388,0.9630938775510204,0.55991775,0.7504657,0.19054794
96.293778,28.439556,2820.7551020408164,0.8892163265306122,0.780686,0.88628435,0.10559833
93.589778,29.791556,4979.040816326531,0.31273061224489795,0.6550558,0.22012967,-0.43492615
94.503556,30.246667,3982.3061224489797,0.7439816326530612,0.8322114,0.7960475,-0.036163867
93.416444,28.335556,3613.2448979591836,0.7581081632653062,0.8413176,0.8048056,-0.036512017
93.963111,30.381778,4237.632653061224,0.8383836734693878,0.77806175,0.7455558,-0.03250593
94.74,30.010222,3560.285714285714,0.8338755102040816,0.7807135,0.86509085,0.08437735
94.773778,30.331111,2342.5714285714284,0.8672551020408164,0.83637947,0.7743741,-0.06200534
96.141778,30.466222,5004.897959183673,0.21593877551020413,0.5372948,0.47580647,-0.06148833
95.787111,30.145333,3658.5714285714284,0.9494632653061225,0.74275935,0.83264434,0.089885
97.091111,28.092889,3543.7755102040815,0.958234693877551,0.85681766,0.85631204,-0.0005056262
93.971111,29.791556,3121.5714285714284,0.8240367346938776,0.7406749,0.6396794,-0.10099554
96.709778,28.335556,3301.408163265306,0.8934489795918368,0.7847251,0.85657275,0.07184762
94.976444,28.924889,1654.3673469387754,0.8931877551020408,0.9269644,0.9298626,0.0028982162
94.109778,29.098222,4692.775510204082,0.5446142857142857,0.75382423,0.53632045,-0.21750379
93.692889,30.364889,4981.510204081633,0.3236183673469388,0.71453947,0.40080377,-0.3137357
93.867111,29.964889,4008.2448979591836,0.9411510204081632,0.7073322,0.8215749,0.11424273
96.813778,28.786222,4648.469387755102,0.1878142857142857,0.7881111,0.5647731,-0.22333801
95.145333,30.060889,2575.4489795918366,0.9083612244897958,0.8807653,0.8701134,-0.010651946
93.035111,28.578222,4525.3877551020405,0.7233142857142857,0.76600474,0.6937412,-0.07226354
96.675111,28.231556,2836.734693877551,0.9026530612244898,0.8809905,0.83492565,-0.046064854
95.027111,30.060889,2505.673469387755,0.8897367346938776,0.86666197,0.89538443,0.028722465
93.208444,28.682222,4395.244897959184,0.8163877551020408,0.65450364,0.67162704,0.017123401
96.917778,28.786222,3196.9591836734694,0.8644551020408164,0.7591264,0.86238986,0.10326344
96.120444,28.716889,2751.0204081632655,0.8809938775510203,0.8482506,0.8590397,0.010789096
93.000444,30.263556,5042.547619047619,0.2626342857142857,0.5620825,0.41493002,-0.14715251
94.283111,28.994222,4030.4489795918366,0.8347346938775511,0.7567257,0.77891934,0.02219361
96.917778,28.647556,2527.204081632653,0.8578061224489797,0.7989971,0.87203115,0.07303405
94.283111,29.999556,4174.619047619048,0.8645510204081632,0.67801285,0.7435343,0.06552148
95.184444,29.410222,3300.8571428571427,0.8257551020408164,0.8542375,0.87322664,0.018989146
93.624444,29.479556,4582.122448979592,0.8362775510204081,0.58451116,0.5431433,-0.04136789
97.091111,28.058222,3669.938775510204,0.9268408163265307,0.83796304,0.8730868,0.035123765
93.693778,28.924889,4323.367346938776,0.8073959183673469,0.66163146,0.70379263,0.042161167
93.169333,30.077778,4030.1428571428573,0.8723489795918368,0.5586865,0.7783592,0.21967268
97.992444,29.063556,3391.8571428571427,0.5107755102040816,0.6341205,0.53258777,-0.10153276
95.149778,28.820889,1637.265306122449,0.905865306122449,0.904058,0.8732617,-0.03079629
93.451111,28.439556,2483.9795918367345,0.8519979591836735,0.8676915,0.9146875,0.046995997
94.621778,30.280444,4060.285714285714,0.8099918367346939,0.82551044,0.7462301,-0.07928032
95.808444,29.791556,3007.3673469387754,0.9271061224489796,0.82526106,0.87143004,0.046168983
97.611111,30.331111,4565.591836734694,0.6327265306122449,0.54467934,0.57199186,0.027312517
95.483111,30.229778,3926.795918367347,0.7225938775510204,0.7521079,0.83417946,0.08207154
93.763111,29.791556,4049.3673469387754,0.911065306122449,0.72809,0.7962431,0.06815308
93.104444,28.474222,3875.673469387755,0.8877367346938776,0.78897774,0.84172887,0.052751124
96.040444,30.010222,3807.8979591836733,0.8718387755102042,0.71879876,0.83089817,0.11209941
96.226222,30.449333,4331.0204081632655,0.9118265306122448,0.5895698,0.6687529,0.0791831
95.115111,28.508889,940.8775510204082,0.9325918367346938,0.90017366,0.8927294,-0.0074442625
95.427111,29.202222,3322.8367346938776,0.851365306122449,0.8406113,0.8673179,0.026706636
96.952444,28.508889,2800.183673469388,0.8210632653061224,0.7734829,0.84668005,0.07319713
97.830667,30.246667,3851.3673469387754,0.6830367346938776,0.596918,0.68071604,0.08379805
97.299111,28.820889,3868.877551020408,0.8477326530612245,0.78158903,0.8413742,0.059785187
93.996889,30.094667,4673.306122448979,0.4903224489795918,0.699983,0.5733722,-0.12661082
95.253778,29.271556,976.6734693877551,0.975522448979592,0.93018806,0.93810105,0.007912993
93.828,30.483111,4747.857142857143,0.6376061224489795,0.74631435,0.5394151,-0.20689923
96.085778,29.930222,4338.183673469388,0.6977244897959184,0.7557423,0.7636472,0.007904887
93.936444,29.375556,3934.877551020408,0.8803285714285713,0.7086447,0.8382185,0.12957382
95.668889,30.077778,2813.081632653061,0.6836857142857143,0.7847323,0.81162655,0.026894271
93.760444,30.044,4224.040816326531,0.8177224489795918,0.6909415,0.7854641,0.094522595
95.773778,29.132889,3648.285714285714,0.7843204081632653,0.7863107,0.79791003,0.011599362
95.415556,30.044,4260.34693877551,0.7375183673469388,0.7586073,0.6324635,-0.12614381
94.875111,30.297333,3319.591836734694,0.8434877551020409,0.79060936,0.81884754,0.028238177
96.709778,29.028889,2836.3061224489797,0.8677265306122448,0.82471526,0.8418707,0.017155468
94.837778,28.924889,1289.1020408163265,0.8967693877551021,0.9363214,0.97454035,0.038218975
97.680444,28.786222,4623.224489795918,0.5024448979591837,0.67274666,0.53909135,-0.13365531
96.259111,28.543556,3490.3673469387754,0.6098734693877551,0.7812446,0.80070937,0.01946479
93.520444,28.474222,3332.326530612245,0.7842897959183673,0.83989674,0.8536835,0.013786733
96.023556,30.415556,4486.816326530612,0.6562408163265306,0.5563209,0.60552514,0.04920423
97.813778,30.196,5033.142857142857,0.20785102040816328,0.5855725,0.38141313,-0.20415935
93.520444,29.028889,5007.551020408163,0.304634693877551,0.60089076,0.45261633,-0.14827442
95.466222,30.179111,4014.9795918367345,0.7711244897959184,0.72961795,0.78886807,0.059250116
94.216444,30.466222,4101.326530612245,0.5290244897959183,0.73867756,0.78057224,0.041894674
94.689333,30.111556,4473.65306122449,0.6154020408163265,0.7246603,0.59775037,-0.12690991
93.338222,30.145333,4675.693877551021,0.661638775510204,0.661634,0.58284724,-0.07878679
96.536444,28.300889,2462.204081632653,0.8691734693877552,0.8673635,0.86877215,0.0014086366
94.976444,28.543556,1769.9795918367347,0.9167530612244899,0.9031967,0.9175644,0.0143677
97.056444,28.716889,3670.4285714285716,0.8852877551020408,0.7817049,0.8229774,0.04127252
93.777333,30.449333,4113.3877551020405,0.9052734693877552,0.68162864,0.7988435,0.11721486
95.770222,30.162222,3489.387755102041,0.8834510204081633,0.7703185,0.84560883,0.07529032
97.021778,28.855556,4428.061224489796,0.45162448979591835,0.81017154,0.5941789,-0.21599263
95.843111,28.543556,890.8775510204082,0.9302,0.9689012,0.9639315,-0.004969716
97.299111,28.474222,4181.489795918367,0.6539,0.7622565,0.73910147,-0.023155034
95.162222,30.077778,3029.9591836734694,0.8534469387755101,0.8601128,0.87816334,0.018050551
95.427111,29.722222,3173.877551020408,0.8934632653061224,0.858564,0.85627794,-0.0022860765
93.236889,30.179111,4729.6122448979595,0.481026530612245,0.5115123,0.57358867,0.06207639
95.600444,29.098222,3323.877551020408,0.8841142857142857,0.8118518,0.8702525,0.05840069
96.445778,30.162222,4163.714285714285,0.45099387755102044,0.6073057,0.63809174,0.030786037
95.652,30.128444,4329.7959183673465,0.34711224489795917,0.7185068,0.5532149,-0.1652919
93.139111,29.548889,5120.0204081632655,0.1892795918367347,0.37177858,0.22427458,-0.147504
97.056444,28.924889,4519.775510204082,0.46363061224489793,0.7840964,0.6276143,-0.1564821
93.693778,29.826222,3484.877551020408,0.8971836734693878,0.7119278,0.793635,0.08170724
93.676,30.060889,4832.306122448979,0.25517346938775504,0.6365226,0.37357026,-0.26295233
97.056444,28.058222,3437.1632653061224,0.8861244897959184,0.8476324,0.85685813,0.009225726
96.918667,30.010222,4771.183673469388,0.30391632653061224,0.5863027,0.50976497,-0.07653773
93.659111,28.266222,1421.7551020408164,0.9232102040816326,0.8909172,0.9034213,0.012504101
96.085778,29.826222,3669.1632653061224,0.7947632653061224,0.72011393,0.8690492,0.14893526
93.473333,30.027111,4094.5510204081634,0.8657244897959184,0.5495196,0.814253,0.26473337
97.594222,30.483111,4081.591836734694,0.6426204081632654,0.6167141,0.6381007,0.021386564
94.837778,29.444889,3234.3469387755104,0.8301530612244898,0.7447332,0.7724516,0.027718365
93.763111,29.479556,4647.183673469388,0.7555857142857143,0.552184,0.5472817,-0.004902303
93.000444,28.959556,4658.857142857143,0.5934285714285714,0.6118751,0.56564444,-0.046230674
97.923111,28.924889,3906.673469387755,0.8233326530612245,0.64820814,0.81736666,0.16915852
93.763111,29.618222,4944.918367346939,0.4098734693877551,0.5684517,0.41262487,-0.15582684
97.160444,28.612889,3125.8367346938776,0.8249836734693877,0.799624,0.79182243,-0.0078015924
94.699111,28.751556,2210.285714285714,0.8678979591836734,0.9253459,0.90475667,-0.020589232
94.664444,28.508889,689.5102040816327,0.9326469387755102,0.9496119,0.9408988,-0.008713126
93.555111,29.098222,4836.591836734694,0.33095510204081635,0.6918516,0.47090682,-0.22094479
93.709778,30.398667,4147.34693877551,0.9357081632653063,0.67653483,0.79662,0.12008518
96.605778,28.058222,1574.7142857142858,0.8610775510204081,0.8905953,0.8663148,-0.024280488
93.287556,30.415556,4783.7959183673465,0.7867020408163266,0.48671192,0.5476134,0.060901463
95.357778,29.930222,3146.2244897959185,0.802534693877551,0.8225402,0.8645874,0.042047203
95.162222,30.179111,3680.387755102041,0.7534102040816327,0.7928437,0.82422197,0.03137827
93.797778,28.439556,1817.9795918367347,0.9229244897959185,0.9434292,0.8654272,-0.078001976
93.000444,29.479556,4600.5,0.6592285714285715,0.41933388,0.57908607,0.15975219
95.531111,28.924889,2999.061224489796,0.916557142857143,0.85453403,0.87309337,0.018559337
94.689333,30.094667,3892.4489795918366,0.8558163265306122,0.73347414,0.8029049,0.06943077
96.243111,30.483111,4168.775510204082,0.7628775510204082,0.59521043,0.69506365,0.09985322
95.770222,30.077778,3933.877551020408,0.7896897959183673,0.80141336,0.83352345,0.032110095
94.907111,29.930222,4003.714285714286,0.7829816326530612,0.8174386,0.7814622,-0.03597641
97.333778,29.791556,4633.673469387755,0.6760775510204082,0.5661881,0.56634295,0.00015485287
93.203111,30.060889,4999.2040816326535,0.4895673469387755,0.51071954,0.32683045,-0.18388909
93.277778,28.474222,4159.367346938776,0.838642857142857,0.8010932,0.703877,-0.09721625
95.843111,28.786222,1539.4489795918366,0.9191469387755101,0.92591393,0.88855255,-0.037361383
93.321333,30.381778,4395.326530612245,0.8126530612244899,0.52910507,0.6889902,0.15988511
96.952444,29.999556,4561.547619047619,0.5218755102040816,0.5722624,0.60176075,0.029498339
96.445778,30.432444,4198.693877551021,0.6469571428571429,0.590157,0.5844722,-0.005684793
95.981778,29.756889,3091.2244897959185,0.8271734693877552,0.77425355,0.85698247,0.08272892
94.664444,28.543556,1273.857142857143,0.9184489795918367,0.9524848,0.90888,-0.04360479
95.045778,28.994222,1700.6938775510205,0.9071816326530612,0.92966014,0.933434,0.003773868
97.819111,29.028889,3998.795918367347,0.6187877551020408,0.7295468,0.8104617,0.080914915
95.496444,28.682222,3615.6326530612246,0.8539877551020408,0.8604281,0.8649031,0.0044749975
95.357778,28.612889,3166.265306122449,0.9312489795918367,0.90187716,0.86379457,-0.0380826
95.011111,29.236889,1741.938775510204,0.8937897959183674,0.83149135,0.9008435,0.06935215
96.675111,28.196889,1783.0408163265306,0.9705265306122448,0.8887116,0.9330589,0.044347346
95.149778,28.924889,2241.8571428571427,0.9055326530612244,0.86384314,0.9014765,0.03763336
95.939111,30.094667,3870.612244897959,0.9188448979591837,0.79882884,0.8255124,0.026683569
93.173778,29.340889,4633.163265306122,0.4317326530612245,0.43478188,0.59422743,0.15944555
93.388889,30.415556,4834.510204081633,0.5435163265306122,0.5251047,0.49386412,-0.031240582
93.867111,29.618222,4812.244897959184,0.4576510204081633,0.5619989,0.480167,-0.0818319
96.445778,30.348,4393.571428571428,0.6398061224489796,0.5293528,0.67967325,0.15032047
94.491111,28.890222,3066.0204081632655,0.8278469387755102,0.85624045,0.8533132,-0.0029272437
93.347111,29.722222,3975.938775510204,0.8359877551020408,0.60908353,0.81311244,0.2040289
95.044,30.179111,2654.612244897959,0.8615408163265307,0.82803595,0.86073136,0.032695413
96.709778,28.543556,4095.6530612244896,0.524895918367347,0.78185445,0.6852415,-0.09661293
95.392444,29.236889,3172.8571428571427,0.8841244897959184,0.8868593,0.8818931,-0.0049661994
97.999556,30.060889,3150.8333333333335,0.7089628571428571,0.5626736,0.60637087,0.043697238
97.819111,28.751556,4418.959183673469,0.5314653061224489,0.5775285,0.5925214,0.014992952
96.158667,30.5,4562.6122448979595,0.62845,0.53074765,0.64134634,0.11059868
94.115111,30.432444,4074.204081632653,0.8417877551020408,0.7994145,0.7837412,-0.01567334
97.645778,29.410222,4434.714285714285,0.6150816326530613,0.6321344,0.6631577,0.031023324
94.875111,30.348,3512.4897959183672,0.6892122448979592,0.83412623,0.84805655,0.013930321
96.513333,30.297333,4716.408163265306,0.4951102040816327,0.5295336,0.4530823,-0.07645133
94.179111,28.647556,2663.8571428571427,0.9090816326530612,0.8436054,0.85674393,0.013138533
96.085778,28.439556,2792.081632653061,0.9412530612244898,0.84903765,0.8771257,0.028088033
95.280444,30.060889,3624.469387755102,0.6689285714285714,0.7936172,0.7573747,-0.036242485
96.987111,28.578222,3496.8367346938776,0.8781224489795919,0.7824726,0.87549007,0.09301746
96.952444,30.027111,4262.183673469388,0.5648755102040817,0.5604684,0.624265,0.06379664
95.184444,29.271556,1512.265306122449,0.8763530612244899,0.94065535,0.9655591,0.024903774
94.179111,28.924889,3346.326530612245,0.8706571428571429,0.789106,0.8387183,0.049612284
93.381778,29.652889,4654.265306122449,0.5717367346938775,0.5338808,0.5477166,0.013835847
96.432444,29.132889,3187.734693877551,0.847434693877551,0.772154,0.8920195,0.11986554
93.901778,28.508889,3576.0204081632655,0.7809387755102041,0.81600595,0.7936045,-0.022401452
94.699111,29.514222,4286.122448979592,0.8092408163265306,0.70092285,0.70140344,0.00048059225
96.224444,28.647556,1976.3877551020407,0.8902877551020408,0.86047626,0.8894832,0.029006958
96.716,30.432444,3983.2448979591836,0.5944244897959183,0.5996441,0.6446531,0.045008957
97.881333,30.331111,4165.530612244898,0.7520122448979593,0.5531056,0.53989476,-0.013210833
97.611111,30.449333,3528.7755102040815,0.3905612244897959,0.6212928,0.60581255,-0.01548028
94.807556,30.162222,3603.5510204081634,0.878030612244898,0.80318904,0.82653487,0.023345828
93.312444,28.404889,3027.8979591836733,0.8560734693877552,0.80005336,0.8698412,0.06978786
97.239556,30.060889,3510.8367346938776,0.7579551020408163,0.5457583,0.59983665,0.05407834
96.412,30.145333,4540.591836734694,0.6613448979591837,0.61712545,0.60088336,-0.016242087
94.525778,29.756889,4300.65306122449,0.8115163265306122,0.61794424,0.73579025,0.11784601
94.387111,29.999556,4221.761904761905,0.8272530612244898,0.68496567,0.7438454,0.058879733
96.848444,28.439556,3874.2244897959185,0.7368551020408163,0.73528266,0.79065394,0.055371284
94.213778,28.786222,2134.469387755102,0.9325163265306122,0.8594941,0.88157916,0.02208507
97.999556,30.196,4251.285714285715,0.6927914285714286,0.592103,0.5367154,-0.055387616
97.680444,29.514222,4068.918367346939,0.6428816326530612,0.5714211,0.6302181,0.058797
93.971111,29.826222,3662.918367346939,0.917242857142857,0.67496294,0.81943405,0.14447111
95.184444,29.098222,2653.122448979592,0.8634244897959185,0.8599999,0.8630237,0.0030238032
93.139111,28.820889,4336.755102040816,0.8133408163265307,0.5233965,0.69584733,0.17245084
93.624444,29.340889,4590.428571428572,0.5366857142857143,0.5232079,0.58494127,0.061733365
94.005778,29.618222,4519.183673469388,0.6081183673469388,0.61949223,0.67655075,0.057058513
97.784444,29.375556,3127.061224489796,0.4075367346938775,0.64479727,0.6015873,-0.04320997
95.753333,30.466222,4968.0204081632655,0.11000612244897956,0.44179335,0.32771817,-0.114075184
93.355111,30.348,4649.2040816326535,0.7889428571428572,0.5761548,0.54233557,-0.03381926
97.628,30.381778,4189.0204081632655,0.48671632653061225,0.57878673,0.67678356,0.09799683
93.901778,29.132889,2970.387755102041,0.7320918367346939,0.7428145,0.6844375,-0.058376968
94.456444,28.855556,3692.6530612244896,0.7928714285714286,0.82470584,0.8063229,-0.018382967
93.277778,29.756889,4110.265306122449,0.8382489795918368,0.66919535,0.8173868,0.14819145
94.421778,29.791556,4195.2040816326535,0.9394653061224489,0.6426784,0.7385901,0.09591174
93.101778,30.229778,3830.530612244898,0.7710183673469388,0.6246548,0.65212435,0.027469516
94.179111,29.791556,4385.122448979592,0.8095857142857144,0.73138523,0.6611785,-0.0702067
94.317778,29.722222,3096.408163265306,0.7847204081632654,0.78184223,0.733606,-0.04823625
97.749778,29.410222,2916.081632653061,0.7148204081632653,0.6289239,0.71787256,0.08894867
96.530222,30.381778,3932.6530612244896,0.4486959183673469,0.6348031,0.6551062,0.02030307
94.317778,29.791556,3828.4897959183672,0.9270163265306123,0.73466724,0.83929455,0.10462731
97.957778,28.959556,3700.530612244898,0.7645979591836735,0.6223063,0.8021603,0.17985404
97.036889,30.145333,4115.428571428572,0.43898367346938777,0.5265023,0.5632077,0.036705375
96.016444,29.687556,3611.816326530612,0.9578326530612244,0.74266624,0.90453047,0.16186422
96.597778,30.077778,5066.693877551021,0.20993265306122444,0.52566373,0.40447822,-0.12118551
93.867111,29.202222,3892.714285714286,0.8673244897959185,0.7497766,0.7559504,0.0061737895
95.115111,28.612889,1298.5510204081634,0.9164632653061224,0.8947042,0.94340414,0.048699915
93.901778,28.924889,4890.510204081633,0.265665306122449,0.70895416,0.33975515,-0.369199
94.283111,28.508889,2389.816326530612,0.8640204081632653,0.88573384,0.88565594,-7.790327e-05
93.867111,28.231556,2222.0,0.9035326530612244,0.8833472,0.90368354,0.02033633
93.381778,29.167556,4008.5510204081634,0.9338938775510204,0.68603486,0.8097042,0.12366933
93.22,30.060889,4661.326530612245,0.6950448979591837,0.5068897,0.5201745,0.013284802
93.312444,29.930222,4958.489795918367,0.5620408163265306,0.6014472,0.37616485,-0.22528237
94.560444,28.959556,2345.795918367347,0.8650265306122448,0.86574817,0.9035294,0.03778124
96.917778,28.370222,4227.693877551021,0.2248224489795918,0.76760644,0.62058634,-0.1470201
97.695556,30.398667,3252.061224489796,0.6227061224489796,0.644089,0.68120784,0.037118852
97.472444,29.132889,4516.142857142857,0.7092224489795919,0.6196002,0.5470479,-0.072552264
93.338222,30.027111,4440.102040816327,0.7419244897959184,0.4475778,0.7391933,0.29161552
97.915111,30.162222,4098.244897959184,0.6321346938775511,0.59203166,0.62464416,0.032612503
96.445778,30.331111,4891.122448979592,0.3411530612244898,0.54172957,0.33981812,-0.20191145
95.449333,30.111556,3321.612244897959,0.8276346938775511,0.8126889,0.8473531,0.034664214
95.668889,30.179111,3681.5510204081634,0.8905489795918368,0.7476087,0.7988533,0.051244557
97.507111,29.548889,3284.6326530612246,0.5608306122448979,0.62510806,0.59984577,-0.025262296
95.808444,28.994222,1617.795918367347,0.9128795918367346,0.88766026,0.9002943,0.012634039
93.312444,29.410222,4761.061224489796,0.6989367346938776,0.4700852,0.5361545,0.066069305
96.395111,30.212889,4490.530612244898,0.5209061224489796,0.6190488,0.65583104,0.036782265
95.045778,29.826222,3288.3469387755104,0.33566734693877553,0.82981527,0.81299824,-0.016817033
97.932,30.263556,4163.142857142857,0.6722306122448979,0.53989303,0.5130876,-0.02680546
95.773778,28.786222,2642.8367346938776,0.887257142857143,0.8980241,0.89791846,-0.00010561943
96.640444,29.444889,4005.081632653061,0.4987979591836734,0.6919504,0.7169224,0.024972022
93.659111,30.162222,4572.408163265306,0.6472081632653062,0.7179067,0.5780678,-0.13983893
94.872444,29.618222,3665.5714285714284,0.8728367346938776,0.8107371,0.83580434,0.02506727
97.992444,29.098222,3472.6938775510203,0.7392918367346939,0.6359009,0.53631747,-0.09958345
95.080444,29.964889,2048.714285714286,0.8121530612244898,0.86266774,0.91505766,0.05238992
93.338222,30.060889,5174.693877551021,0.19666734693877552,0.5080998,0.40240213,-0.10569766
96.085778,29.860889,3391.6530612244896,0.8114020408163265,0.7445899,0.8321695,0.08757955
95.080444,29.722222,2810.0,0.8706612244897959,0.8368107,0.8759958,0.039185107
93.405778,30.111556,4848.061224489796,0.5236795918367346,0.6141735,0.40560192,-0.20857155
93.728444,28.890222,4112.7959183673465,0.9159938775510204,0.7225315,0.7502044,0.027672887
95.531111,28.612889,2597.5102040816328,0.8818448979591836,0.89757884,0.9026799,0.0051010847
95.669778,28.786222,2468.285714285714,0.9336469387755102,0.87794936,0.84589195,-0.032057405
96.085778,28.682222,2221.1632653061224,0.8242673469387756,0.8875646,0.9095063,0.021941721
96.883111,28.162222,3818.5102040816328,0.7524897959183673,0.79199433,0.810415,0.018420696
93.832444,28.924889,3477.4285714285716,0.8266081632653062,0.74861187,0.8542763,0.10566443
96.571111,28.716889,3697.326530612245,0.7404979591836734,0.7393241,0.8669303,0.12760621
94.387111,29.167556,4093.3061224489797,0.557369387755102,0.75869,0.55202895,-0.20666105
97.368444,28.612889,2224.673469387755,0.7453979591836735,0.8228451,0.90242267,0.079577565
97.403111,29.999556,5234.166666666667,0.1556408163265306,0.4934762,0.20939052,-0.2840857
95.381778,30.212889,2946.5510204081634,0.7581122448979593,0.7968863,0.7837734,-0.013112903
95.635111,29.687556,3472.6530612244896,0.8725081632653062,0.77910334,0.84246665,0.06336331
97.195111,28.924889,4710.816326530612,0.2855020408163266,0.7219768,0.39377457,-0.32820225
97.948889,30.229778,3408.612244897959,0.614838775510204,0.5605807,0.5053589,-0.055221796
93.338222,30.179111,4420.591836734694,0.8002795918367347,0.62881595,0.7023224,0.073506474
96.883111,28.058222,3846.265306122449,0.7760244897959183,0.873715,0.7999174,-0.07379758
94.907111,29.964889,3782.1020408163267,0.8561408163265307,0.83196425,0.7975966,-0.03436768
94.109778,28.578222,2412.8979591836733,0.9158061224489796,0.8523994,0.83769035,-0.014709055
95.600444,28.786222,2932.8367346938776,0.9352244897959184,0.8967596,0.8710601,-0.025699556
96.378222,30.398667,3694.6326530612246,0.5815755102040816,0.6077791,0.6771156,0.06933653
95.719556,30.331111,4650.959183673469,0.40624489795918367,0.7155241,0.544292,-0.1712321
97.644889,30.466222,4141.938775510204,0.7974489795918367,0.5930458,0.65441525,0.06136948
93.763111,28.890222,4400.285714285715,0.7576755102040816,0.7597377,0.6947404,-0.064997256
96.428889,30.229778,3660.4489795918366,0.5023714285714286,0.62224054,0.64850575,0.026265204
95.719556,30.229778,3269.530612244898,0.8620918367346938,0.7920888,0.8635591,0.07147032
94.165778,30.415556,3997.6530612244896,0.8139244897959184,0.7966636,0.780484,-0.016179562
96.155111,28.266222,2439.6326530612246,0.9144775510204081,0.8957449,0.9093745,0.013629556
94.664444,29.063556,2359.408163265306,0.8605857142857143,0.7998611,0.8761065,0.07624543
94.837778,29.583556,3847.7551020408164,0.9052795918367347,0.7768104,0.84204215,0.06523174
93.405778,30.060889,4325.306122448979,0.7727857142857143,0.6625704,0.7395843,0.07701391
95.094667,30.145333,3676.877551020408,0.8157877551020408,0.7990519,0.8051567,0.006104827
97.403111,28.959556,3534.1428571428573,0.9404081632653062,0.7727984,0.8577931,0.084994674
97.374667,30.027111,4954.591836734694,0.629573469387755,0.462563,0.31522423,-0.14733878
96.091111,30.077778,4228.0204081632655,0.6964102040816327,0.6507378,0.78157365,0.13083583
94.179111,29.479556,4515.2040816326535,0.6048020408163266,0.65498394,0.6239454,-0.031038523
95.704444,29.063556,3129.3673469387754,0.8655795918367346,0.84591144,0.8746208,0.028709352
93.624444,29.618222,4968.918367346939,0.32327551020408163,0.49894452,0.36014947,-0.13879505
97.526667,30.398667,4919.510204081633,0.4283040816326531,0.50053966,0.4210869,-0.07945275
96.779111,28.300889,3434.9591836734694,0.8603285714285713,0.7783585,0.81803393,0.039675415
94.841333,30.381778,3091.4897959183672,0.777626530612245,0.8014661,0.88035864,0.07889253
95.314222,30.5,4105.265306122449,0.8405142857142857,0.71832263,0.799786,0.08146334
96.536444,28.092889,628.2857142857143,0.9567244897959184,0.8802652,0.9549836,0.074718416
93.084889,30.179111,4482.938775510204,0.8490183673469388,0.5416131,0.6604678,0.1188547
93.456444,30.027111,4941.183673469388,0.3546938775510204,0.59832263,0.32465816,-0.27366447
96.813778,28.404889,3564.1428571428573,0.8347551020408164,0.7285141,0.8664178,0.13790375
94.040444,29.583556,4831.34693877551,0.34818571428571427,0.54574764,0.5101778,-0.035569847
94.491111,28.820889,3065.612244897959,0.813538775510204,0.8252327,0.8444776,0.01924491
95.280444,30.044,3072.5102040816328,0.8597142857142857,0.80994964,0.87207603,0.062126398
95.635111,29.479556,4145.918367346939,0.5428979591836735,0.825125,0.64953864,-0.17558634
95.045778,29.964889,2840.5510204081634,0.8877897959183674,0.8528529,0.8625434,0.009690523
97.915111,30.229778,3143.285714285714,0.645238775510204,0.5900365,0.6406947,0.050658166
95.184444,29.202222,1893.1632653061224,0.8869081632653062,0.93035865,0.8978417,-0.032516956
96.883111,28.890222,3778.7755102040815,0.7101448979591837,0.7189803,0.8073332,0.08835286
96.580889,30.381778,4655.693877551021,0.5295183673469388,0.5959277,0.589176,-0.006751716
95.357778,28.994222,2545.122448979592,0.767665306122449,0.8093084,0.8860027,0.07669431
96.547111,30.398667,3501.8979591836733,0.4690551020408163,0.61539227,0.69794244,0.08255017
96.462667,30.145333,4602.755102040816,0.6359346938775511,0.6292999,0.57740504,-0.051894844
94.837778,28.508889,1827.3673469387754,0.928065306122449,0.8913838,0.9221847,0.030800879
95.381778,30.381778,3820.204081632653,0.8512632653061224,0.7802662,0.8442606,0.06399435
97.003111,30.179111,3829.5102040816328,0.3745469387755102,0.5395363,0.5391616,-0.0003746748
93.277778,29.687556,4869.65306122449,0.3309183673469388,0.567634,0.47163388,-0.096000105
95.704444,29.028889,2564.265306122449,0.8929408163265307,0.8557983,0.9038156,0.048017323
95.263556,30.331111,3348.8367346938776,0.7795734693877551,0.7871633,0.8439325,0.056769192
95.111556,30.212889,2890.6530612244896,0.8457142857142856,0.8498435,0.84399736,-0.005846143
96.813778,28.162222,3778.1428571428573,0.7518061224489796,0.7984866,0.8376756,0.03918898
94.317778,29.618222,4265.775510204082,0.8274551020408164,0.8011497,0.7679108,-0.033238947
95.348,30.010222,3777.530612244898,0.9094469387755102,0.77759874,0.83439004,0.056791306
95.496444,28.612889,1694.3061224489795,0.9522265306122448,0.8940741,0.9073898,0.013315737
95.027111,30.094667,3643.1428571428573,0.8347918367346938,0.8686783,0.82742745,-0.041250825
95.516889,30.432444,4589.571428571428,0.5018979591836734,0.6757923,0.56695825,-0.10883403
94.300889,30.179111,4761.551020408163,0.513330612244898,0.8004696,0.50587106,-0.29459852
95.600444,29.410222,2947.204081632653,0.8554938775510204,0.8431546,0.86006564,0.01691103
94.907111,29.652889,2843.0,0.8718714285714286,0.81381094,0.84166735,0.02785641
93.035111,28.647556,4007.7755102040815,0.8448428571428571,0.6944637,0.8014645,0.10700083
93.451111,29.236889,4777.693877551021,0.5274081632653062,0.5701555,0.49141157,-0.078743935
94.248444,29.479556,4575.306122448979,0.7627530612244898,0.7204658,0.6146377,-0.10582811
97.577333,30.348,4574.265306122449,0.6647857142857143,0.5101515,0.5634424,0.053290904
93.624444,28.612889,3551.591836734694,0.8590326530612244,0.7643624,0.79378974,0.02942735
97.888444,29.479556,4741.591836734694,0.3131795918367347,0.576703,0.5228551,-0.05384791
93.451111,28.162222,1869.3061224489795,0.9093387755102041,0.8957977,0.90966755,0.013869822
93.692889,30.398667,3759.8979591836733,0.5186959183673469,0.68225586,0.82297987,0.140724
97.053778,30.212889,3343.4489795918366,0.7801469387755102,0.51936305,0.52575034,0.0063872933
95.184444,28.716889,3863.6530612244896,0.6421979591836734,0.8400911,0.72016835,-0.11992276
95.184444,28.508889,922.6326530612245,0.8796,0.89254445,0.88966733,-0.0028771162
94.993333,30.162222,2309.714285714286,0.9062163265306122,0.83682853,0.8145726,-0.022255957
95.516889,30.128444,3858.877551020408,0.8096,0.73952955,0.78337604,0.043846488
93.381778,28.404889,2142.1020408163267,0.9280775510204081,0.8321292,0.89813936,0.06601018
93.540889,30.077778,4171.65306122449,0.7485040816326531,0.7033012,0.7931111,0.089809895
94.334667,30.364889,3329.4489795918366,0.8582428571428571,0.810911,0.88156897,0.07065797
94.248444,28.647556,3548.530612244898,0.8541428571428571,0.8729624,0.81371635,-0.059246063
93.692889,30.027111,4512.2040816326535,0.6148163265306122,0.7120505,0.69016445,-0.02188605
95.600444,29.618222,3708.795918367347,0.8626,0.7856273,0.78074616,-0.0048811436
94.655556,30.027111,3189.7755102040815,0.8818408163265307,0.8189042,0.8776573,0.058753073
96.605778,28.994222,2093.387755102041,0.8735979591836734,0.8322179,0.8498492,0.017631352
94.284,30.398667,3012.8979591836733,0.9475122448979592,0.82390386,0.9272398,0.10333592
97.847556,30.060889,4858.142857142857,0.2758632653061225,0.54524916,0.49279892,-0.05245024
93.777333,30.010222,3637.1020408163267,0.8826938775510204,0.72942424,0.7926815,0.06325728
93.832444,29.756889,3944.816326530612,0.9246122448979591,0.75880384,0.8587085,0.09990466
94.942667,30.027111,3322.3469387755104,0.8217285714285714,0.84672356,0.8301427,-0.01658088
93.139111,28.716889,4646.857142857143,0.7563693877551021,0.5735189,0.4920606,-0.08145827
94.469778,30.077778,4292.244897959184,0.8151367346938776,0.7805326,0.7439296,-0.036602974
93.416444,29.722222,5026.306122448979,0.5705530612244898,0.58727485,0.3225046,-0.26477024
94.368444,30.314222,3389.3061224489797,0.8594489795918367,0.8045488,0.86271346,0.058164656
93.035111,28.023556,2724.122448979592,0.8520918367346938,0.8153913,0.8336573,0.018266022
96.952444,30.280444,4514.632653061224,0.4850306122448979,0.46495476,0.61322117,0.1482664
94.005778,28.231556,2358.1632653061224,0.8881816326530612,0.90825963,0.84028155,-0.067978084
96.501778,28.751556,3284.612244897959,0.8545,0.7373801,0.8557307,0.118350625
94.491111,29.964889,4688.163265306122,0.47693469387755105,0.6774149,0.6161124,-0.061302483
94.144444,29.028889,4179.65306122449,0.5978061224489796,0.7692503,0.7658683,-0.0033819675
93.936444,29.028889,4304.224489795918,0.8802959183673469,0.6503839,0.7489749,0.09859103
93.797778,28.924889,3671.612244897959,0.8569510204081633,0.7564564,0.77706754,0.020611167
96.057333,30.077778,4181.163265306122,0.8378102040816325,0.7285103,0.7959956,0.06748527
96.571111,29.548889,4580.918367346939,0.4005591836734694,0.64644825,0.5559453,-0.09050298
95.392444,29.895556,3401.387755102041,0.8480551020408164,0.81416893,0.84991187,0.03574294
95.702667,30.060889,3454.612244897959,0.8660551020408164,0.7904446,0.8299382,0.03949356
94.942667,30.111556,4110.285714285715,0.6860938775510205,0.7979422,0.64645857,-0.15148365
97.819111,29.964889,5117.877551020408,0.13404693877551022,0.5513538,0.2810213,-0.27033252
94.075111,29.479556,4410.714285714285,0.8537938775510203,0.5347533,0.6638919,0.12913859
96.883111,28.543556,4287.530612244898,0.45907551020408166,0.75194186,0.7286322,-0.023309648
94.807556,30.212889,4156.040816326531,0.7544795918367346,0.86164564,0.7000816,-0.16156405
93.728444,28.508889,2647.3469387755104,0.834757142857143,0.8804287,0.8857393,0.0053106546
93.878667,30.415556,4533.9795918367345,0.7613020408163266,0.7096102,0.58677995,-0.12283027
94.768444,28.994222,1689.8163265306123,0.8986897959183674,0.883095,0.8848661,0.0017710924
93.381778,29.722222,4437.7959183673465,0.8551326530612244,0.5936346,0.7236176,0.12998301
96.057333,30.010222,3322.734693877551,0.5043938775510204,0.72229326,0.79075575,0.06846249
97.749778,29.687556,4638.816326530612,0.5168775510204082,0.58641726,0.6082069,0.02178967
94.109778,28.994222,3553.1632653061224,0.8563877551020409,0.7653101,0.86049,0.095179915
93.104444,29.999556,4213.952380952381,0.8236408163265307,0.5791408,0.71497726,0.13583648
93.312444,29.063556,3793.8979591836733,0.8423387755102042,0.6384048,0.7167278,0.07832301
93.169333,30.145333,5064.877551020408,0.31065714285714285,0.6133929,0.31444868,-0.2989442
96.580889,30.111556,4797.6122448979595,0.5390326530612245,0.5027168,0.43527704,-0.067439735
93.243111,29.687556,4587.918367346939,0.8207244897959185,0.54222167,0.52995646,-0.012265205
96.120444,29.028889,4230.2040816326535,0.5760959183673469,0.768792,0.62894344,-0.13984853
97.340889,30.060889,3652.2448979591836,0.3157959183673469,0.49267802,0.5198599,0.027181894
95.5,30.145333,3949.0204081632655,0.7772897959183673,0.7531744,0.7924253,0.03925085
93.277778,29.895556,3879.530612244898,0.8981775510204081,0.6436664,0.78027403,0.13660765
95.331111,30.5,4790.040816326531,0.2747821428571428,0.71392614,0.348718,-0.36520815
93.381778,28.474222,3560.265306122449,0.8513877551020409,0.8241129,0.82362723,-0.00048565865
93.763111,28.543556,2826.1020408163267,0.8714122448979591,0.85388005,0.9188357,0.06495565
94.248444,28.890222,2853.918367346939,0.8455959183673469,0.8544732,0.87344885,0.018975675
97.526667,30.466222,4496.102040816327,0.7032836734693878,0.518672,0.650606,0.13193399
96.935556,30.280444,4409.040816326531,0.6004795918367346,0.46116745,0.59322155,0.13205409
96.428889,30.010222,4343.816326530612,0.45590204081632657,0.54820263,0.71430576,0.16610312
96.884889,30.179111,4645.734693877551,0.6364775510204081,0.55693454,0.5499848,-0.0069497228
95.981778,28.612889,1777.204081632653,0.9303204081632653,0.9129888,0.9642099,0.051221132
93.760444,30.415556,3685.5510204081634,0.5834897959183674,0.67029876,0.86433387,0.19403511
93.208444,29.271556,4485.102040816327,0.6710938775510205,0.50709987,0.55419797,0.0470981
96.124889,30.280444,4969.9795918367345,0.3327102040816326,0.6877016,0.3839308,-0.30377078
95.753333,30.348,4146.285714285715,0.6444714285714286,0.61494404,0.7899758,0.17503178
94.199556,30.111556,4439.775510204082,0.6076510204081633,0.6918613,0.68460983,-0.0072514415
95.398667,30.348,3572.2448979591836,0.8927020408163265,0.7853691,0.8345228,0.049153686
93.186222,30.111556,4660.755102040816,0.6602653061224489,0.62636226,0.55311394,-0.07324833
97.188889,30.212889,4324.65306122449,0.8738530612244898,0.49298048,0.5202812,0.027300715
94.148889,30.263556,4190.6122448979595,0.7336979591836734,0.7577471,0.76279575,0.0050486326
96.189778,29.583556,3908.061224489796,0.5158469387755101,0.727372,0.8458086,0.118436635
96.141778,30.381778,4828.6122448979595,0.4197857142857143,0.6548215,0.35854146,-0.29628006
96.363111,29.514222,4251.34693877551,0.40240408163265307,0.72504026,0.7297936,0.004753351
93.068,30.280444,3991.061224489796,0.7126224489795918,0.5722025,0.659042,0.0868395
93.243111,28.127556,1019.7142857142857,0.9551224489795919,0.9243088,0.9588212,0.0345124
93.878667,30.432444,3877.8979591836733,0.8760122448979591,0.7210432,0.8621632,0.14111996
95.668889,30.044,4139.673469387755,0.8795306122448979,0.7892364,0.7510202,-0.038216233
94.387111,29.930222,4247.0,0.6834530612244898,0.68134093,0.73359025,0.052249312
94.351556,30.398667,3235.4285714285716,0.9699122448979591,0.81973666,0.87445116,0.0547145
95.080444,29.826222,2719.3469387755104,0.7528020408163265,0.85930794,0.88324267,0.023934722
96.016444,28.820889,2762.061224489796,0.923765306122449,0.8741642,0.86821294,-0.0059512854
94.317778,30.466222,4196.938775510204,0.7063142857142857,0.7919433,0.77640927,-0.015534043
95.981778,28.924889,1910.591836734694,0.9336040816326531,0.8686724,0.89435655,0.025684178
93.555111,28.924889,4679.34693877551,0.5966224489795918,0.6299371,0.42241654,-0.20752057
95.808444,29.028889,1898.857142857143,0.8910183673469388,0.88760924,0.8882319,0.0006226301
94.803111,28.647556,1527.5102040816328,0.9110061224489796,0.89812374,0.9176634,0.019539654
95.415556,30.128444,3511.1020408163267,0.8420285714285713,0.8243214,0.86771727,0.043395877
96.883111,28.508889,4101.3877551020405,0.7926836734693877,0.7402072,0.6627623,-0.07744491
96.848444,29.098222,4431.3877551020405,0.40283469387755105,0.77628833,0.5521922,-0.22409612
95.565778,28.959556,3773.387755102041,0.8244571428571429,0.8341657,0.80751765,-0.026648045
94.452889,30.415556,3761.4489795918366,0.8494877551020409,0.7706488,0.82450885,0.05386007
96.640444,29.964889,4578.326530612245,0.5575510204081633,0.6228383,0.5606003,-0.062238038
95.427111,29.063556,3469.6530612244896,0.8308530612244899,0.78931093,0.8277678,0.038456857
93.996889,30.212889,4047.6530612244896,0.8990489795918367,0.6842937,0.8136844,0.12939072
95.669778,29.167556,3842.6326530612246,0.7163387755102041,0.7877041,0.81950647,0.031802356
93.388889,30.162222,4771.836734693878,0.6584959183673469,0.6084105,0.5162721,-0.09213835
93.243111,28.474222,4251.244897959184,0.7652020408163266,0.7975413,0.7088246,-0.088716745
95.773778,28.647556,2304.918367346939,0.9275326530612245,0.89335847,0.8985883,0.0052298307
93.490222,30.010222,5131.428571428572,0.27385714285714285,0.48947853,0.13984126,-0.34963727
96.120444,28.266222,1611.142857142857,0.954234693877551,0.8909214,0.90855074,0.017629325
95.297333,30.246667,3703.285714285714,0.820542857142857,0.79898846,0.83380324,0.034814775
94.005778,28.716889,3692.918367346939,0.8321265306122448,0.77234477,0.82630813,0.053963363
95.323111,29.132889,3733.0408163265306,0.8692836734693877,0.82554114,0.80890894,-0.0166322
93.485778,28.716889,4597.693877551021,0.7763367346938775,0.6607773,0.5906677,-0.070109546
93.381778,28.196889,1637.3673469387754,0.9462979591836734,0.89150023,0.89172935,0.00022912025
94.421778,28.508889,1551.7755102040817,0.9304897959183674,0.8868071,0.9082044,0.021397293
94.525778,28.370222,2029.2857142857142,0.8899326530612245,0.893072,0.90796256,0.014890552
94.213778,28.716889,2788.4285714285716,0.8679081632653062,0.8311808,0.8676485,0.03646767
95.219111,29.999556,3382.3571428571427,0.7819632653061224,0.8699346,0.8774562,0.0075215697
94.520444,30.010222,4527.714285714285,0.6591591836734694,0.7006182,0.66997135,-0.03064686
94.768444,29.791556,3645.591836734694,0.9611775510204081,0.7618639,0.8444846,0.08262074
97.715111,28.924889,4482.897959183673,0.6179183673469388,0.67746544,0.60543513,-0.072030306
93.104444,29.202222,4753.285714285715,0.2545938775510203,0.5481607,0.5441212,-0.0040394664
95.739111,28.820889,2793.204081632653,0.9557244897959185,0.8762689,0.8874795,0.011210561
95.398667,30.263556,3392.7755102040815,0.8644489795918368,0.79401547,0.862286,0.068270504
93.797778,29.722222,5011.530612244898,0.17796938775510207,0.7058036,0.2848378,-0.42096576
94.664444,29.583556,4224.816326530612,0.8538510204081633,0.7264965,0.7270548,0.0005582571
94.075111,29.063556,4736.163265306122,0.4110469387755102,0.7524095,0.53318495,-0.21922457
94.005778,28.543556,3059.6326530612246,0.8600489795918367,0.85614944,0.885018,0.028868556
93.051111,30.044,4083.8979591836733,0.8657775510204081,0.5668504,0.7613394,0.194489
96.108,30.415556,4225.693877551021,0.6414632653061224,0.5915318,0.708718,0.11718619
94.841333,30.212889,2859.8367346938776,0.9289469387755102,0.82681173,0.8724929,0.04568118
97.472444,28.786222,2572.4489795918366,0.7720959183673469,0.7891993,0.8786876,0.08948833
96.363111,28.266222,3972.673469387755,0.5063081632653061,0.82405657,0.8137901,-0.010266483
93.051111,30.179111,4747.0,0.6810897959183674,0.4319746,0.60519636,0.17322177
96.085778,28.751556,2993.265306122449,0.8666775510204081,0.82540166,0.8527026,0.027300954
95.115111,29.028889,1651.265306122449,0.9166979591836735,0.895055,0.90185493,0.0067999363
93.485778,28.231556,2248.6938775510203,0.8216102040816325,0.8675178,0.90607196,0.038554132
97.864444,30.229778,3719.387755102041,0.8478081632653062,0.6060441,0.68788856,0.08184445
93.277778,28.612889,4104.0,0.8782734693877552,0.74775577,0.73500353,-0.012752235
95.669778,29.028889,2131.7551020408164,0.8874224489795919,0.84381753,0.90974015,0.06592262
93.901778,28.716889,3283.2448979591836,0.7985979591836735,0.793707,0.84241325,0.048706234
95.669778,28.682222,1707.1836734693877,0.8748408163265307,0.8771091,0.9042798,0.027170718
93.557778,30.415556,5056.2040816326535,0.49154897959183674,0.5589489,0.38560027,-0.1733486
96.648444,30.229778,4647.306122448979,0.2559469387755102,0.60298395,0.58722925,-0.0157547
93.693778,28.439556,2119.6530612244896,0.8938897959183674,0.9042659,0.8735702,-0.030695677
93.794222,30.263556,4073.265306122449,0.902922448979592,0.76066905,0.7711,0.010430932
95.600444,28.716889,2371.714285714286,0.9486142857142857,0.8669703,0.8870044,0.020034075
94.699111,28.855556,1544.3061224489795,0.8816530612244898,0.9102508,0.9266156,0.016364813
94.317778,28.508889,2063.0408163265306,0.8855571428571429,0.89118135,0.92458177,0.033400416
95.212889,30.044,2354.183673469388,0.8948775510204081,0.8620361,0.82851374,-0.033522367
94.456444,29.895556,4534.65306122449,0.8263102040816326,0.6652334,0.6665431,0.0013097525
95.808444,28.820889,2473.408163265306,0.8998387755102042,0.9079821,0.8405509,-0.06743121
93.287556,30.280444,4592.7959183673465,0.8173204081632653,0.64148146,0.5608067,-0.08067477
96.648444,30.466222,3139.8979591836733,0.3413163265306122,0.6291989,0.6351978,0.0059989095
93.388889,30.331111,4665.489795918367,0.684865306122449,0.59448814,0.5210492,-0.07343894
94.452889,30.010222,4386.428571428572,0.7414755102040816,0.64270467,0.6943841,0.051679432
94.300889,30.5,3938.5510204081634,0.74355,0.76399887,0.78468525,0.020686388
97.091111,28.474222,2666.183673469388,0.9693571428571429,0.84967715,0.8545339,0.0048567653
93.485778,29.167556,2992.5102040816328,0.3514714285714286,0.70331836,0.73245037,0.029132009
93.828,30.027111,4609.571428571428,0.49757551020408164,0.68847495,0.5926884,-0.09578657
94.216444,30.364889,3335.285714285714,0.9023326530612245,0.836248,0.86964524,0.033397257
96.428889,30.449333,3204.612244897959,0.5596367346938775,0.5879071,0.66605055,0.07814348
94.064444,30.466222,3176.326530612245,0.8703469387755102,0.75905794,0.83223957,0.07318163
93.069778,29.479556,5052.877551020408,0.2566734693877551,0.3838652,0.2935266,-0.09033862
93.936444,29.548889,4522.0,0.8695795918367346,0.5277597,0.63611346,0.10835379
93.152444,30.398667,4986.9795918367345,0.19489999999999996,0.5268321,0.3876503,-0.1391818
94.638667,30.297333,2947.326530612245,0.9540244897959185,0.84210217,0.85745025,0.015348077
97.932,30.179111,3770.326530612245,0.657261224489796,0.607564,0.6068591,-0.00070488453
94.109778,28.612889,1953.1020408163265,0.8255755102040816,0.8513824,0.8023849,-0.04899746
96.467111,29.063556,3688.612244897959,0.8881081632653062,0.74506074,0.7789235,0.03386277
95.981778,28.578222,3225.9795918367345,0.9231,0.89260393,0.8438221,-0.048781812
93.832444,29.028889,4206.6122448979595,0.8443469387755101,0.72474843,0.7709573,0.04620886
93.901778,28.682222,3351.714285714286,0.7961775510204082,0.81302774,0.83338934,0.020361602
97.403111,29.202222,3755.122448979592,0.851157142857143,0.7230844,0.8684854,0.145401
94.621778,30.331111,2572.714285714286,0.7978571428571428,0.8329555,0.8323891,-0.00056636333
95.392444,28.924889,3207.6326530612246,0.8686265306122448,0.80166614,0.86062896,0.058962822
95.843111,29.479556,3389.673469387755,0.8428632653061224,0.82604575,0.8495849,0.023539126
94.317778,28.716889,1798.7551020408164,0.8449285714285714,0.87462354,0.9057898,0.031166255
95.115111,28.820889,2233.1020408163267,0.8847448979591837,0.89660376,0.905027,0.008423209
93.557778,30.128444,4906.551020408163,0.3749469387755102,0.5520808,0.4272692,-0.12481162
96.917778,28.162222,3881.9591836734694,0.6142102040816326,0.80729127,0.78475827,-0.022533
97.195111,28.162222,3178.795918367347,0.9011346938775511,0.79800105,0.8449168,0.04691577
93.728444,29.791556,4617.530612244898,0.654834693877551,0.71598864,0.6320741,-0.08391452
94.064444,30.111556,4438.816326530612,0.6401244897959184,0.6945826,0.65838206,-0.036200523
95.314222,30.027111,3378.530612244898,0.8131326530612245,0.8008779,0.87294525,0.07206732
93.347111,28.439556,3000.326530612245,0.8068306122448979,0.8125888,0.86537355,0.05278474
94.941778,28.855556,2256.938775510204,0.8891102040816325,0.91314983,0.86819446,-0.044955373
94.768444,28.716889,985.6938775510204,0.9347755102040816,0.92785424,0.94949245,0.021638215
93.416444,29.583556,4850.34693877551,0.4875775510204082,0.3974617,0.4719113,0.0744496
95.162222,30.060889,2368.734693877551,0.9404306122448979,0.88119626,0.85984683,-0.02134943
96.640444,28.023556,848.6530612244898,0.9716081632653062,0.8856036,0.93169266,0.046089053
95.398667,30.196,2950.265306122449,0.7043489795918367,0.79650164,0.79218334,-0.004318297
95.253778,29.306222,1806.6938775510205,0.8829734693877552,0.91967046,0.91327125,-0.0063992143
93.743556,30.010222,4182.959183673469,0.9538122448979591,0.72951776,0.7851999,0.055682123
95.496444,28.647556,2416.061224489796,0.9091142857142857,0.8777391,0.90720016,0.029461086
95.947111,29.167556,3276.6326530612246,0.8288163265306122,0.80605495,0.86542374,0.05936879
93.693778,28.266222,1789.8367346938776,0.9502244897959184,0.89974856,0.91442597,0.014677405
95.981778,29.514222,3432.0408163265306,0.8962653061224489,0.7409855,0.86449903,0.12351352
95.253778,29.236889,1460.8775510204082,0.9050163265306123,0.93373245,0.95146817,0.01773572
97.403111,28.647556,2637.204081632653,0.8812040816326531,0.79550767,0.8553916,0.059883952
95.149778,29.167556,1602.8367346938776,0.8975469387755102,0.9143126,0.9048759,-0.009436727
95.704444,28.959556,2854.8979591836733,0.9456244897959184,0.8631218,0.8717212,0.0085994005
95.685778,30.280444,3962.204081632653,0.8046693877551021,0.76609296,0.8066052,0.040512264
96.744444,28.162222,3572.2448979591836,0.8513367346938776,0.85108685,0.8638778,0.012790918
96.605778,28.335556,1769.265306122449,0.9337081632653063,0.86552477,0.87314713,0.007622361
94.075111,28.924889,4347.591836734694,0.7262755102040817,0.75796336,0.7201385,-0.03782487
97.125778,29.340889,4233.306122448979,0.7013224489795918,0.6105354,0.7828762,0.17234081
95.877778,28.716889,1360.1020408163265,0.8558653061224489,0.9393897,0.92335445,-0.016035259
97.160444,29.930222,4010.183673469388,0.534934693877551,0.58536303,0.56735176,-0.018011272
94.075111,28.647556,2115.3469387755104,0.885822448979592,0.8420126,0.8783522,0.03633964
97.368444,28.335556,4333.326530612245,0.6279816326530612,0.6871317,0.64752257,-0.039609134
96.479556,30.483111,3528.122448979592,0.3265918367346939,0.54718053,0.6101539,0.06297338
95.808444,29.548889,3743.734693877551,0.7872020408163265,0.78207916,0.7586744,-0.023404777
93.659111,29.652889,4734.734693877551,0.6107,0.5948587,0.5734012,-0.021457493
96.513333,30.314222,4528.489795918367,0.5245244897959184,0.5305226,0.6028763,0.07235372
94.098222,30.060889,4529.897959183673,0.5477326530612244,0.6605574,0.6787499,0.01819253
95.877778,29.063556,3433.8979591836733,0.7397,0.836583,0.829834,-0.006749034
93.624444,29.652889,4289.877551020408,0.8496673469387755,0.5883797,0.75254273,0.16416305
96.192444,30.483111,4421.306122448979,0.47641224489795925,0.5453578,0.700118,0.15476018
93.253778,30.179111,5088.0204081632655,0.2686326530612245,0.49738324,0.2769352,-0.22044805
94.942667,30.398667,3346.816326530612,0.8407163265306122,0.78299546,0.8834306,0.10043514
95.323111,29.999556,2747.785714285714,0.8125836734693878,0.7995879,0.8790962,0.079508305
95.077778,30.415556,3897.1428571428573,0.698630612244898,0.722484,0.80354327,0.08105928
94.595111,29.826222,4549.306122448979,0.6570224489795918,0.56094825,0.58653915,0.025590897
95.5,30.077778,3163.387755102041,0.8305510204081633,0.82478356,0.80008453,-0.024699032
96.732889,30.466222,4431.0204081632655,0.6643244897959184,0.5327887,0.5345708,0.0017821193
95.5,30.162222,3935.408163265306,0.8137204081632653,0.7387578,0.7931534,0.054395616
97.125778,29.202222,3531.0204081632655,0.735561224489796,0.71960855,0.7484686,0.028860033
93.608444,30.094667,3482.530612244898,0.4598897959183673,0.70865804,0.7005583,-0.008099735
93.139111,28.300889,3008.6530612244896,0.8490040816326531,0.7809242,0.79407126,0.013147056
94.098222,30.027111,4388.0,0.3841734693877551,0.6148546,0.641331,0.026476443
96.969333,30.263556,4816.571428571428,0.4493265306122449,0.4909668,0.44219682,-0.04876998
94.213778,29.999556,3828.0476190476193,0.7697387755102041,0.6834156,0.721129,0.03771341
95.635111,28.786222,2930.938775510204,0.9222734693877552,0.88293177,0.87737715,-0.0055546165
93.901778,28.404889,918.1836734693877,0.9597734693877552,0.9092965,1.0024036,0.093107104
96.987111,28.786222,3574.8367346938776,0.7825877551020408,0.795276,0.81332743,0.018051445
96.884889,30.196,3960.8979591836733,0.9048244897959185,0.57278687,0.67419744,0.10141057
93.139111,28.543556,3941.6326530612246,0.8991653061224489,0.76074284,0.830203,0.06946015
93.139111,28.612889,3935.877551020408,0.878134693877551,0.7187245,0.8181974,0.09947294
94.005778,28.335556,2035.0816326530612,0.9200142857142857,0.938977,0.88875633,-0.05022067
94.837778,28.647556,2123.0,0.9022551020408164,0.91938335,0.9099101,-0.009473264
96.675111,28.058222,2147.8367346938776,0.972065306122449,0.91686547,0.88948286,-0.027382612
93.035111,28.716889,4389.0204081632655,0.8370755102040816,0.6223914,0.6896515,0.06726009
96.547111,30.314222,4388.836734693878,0.7894673469387755,0.52647865,0.7312412,0.20476258
97.056444,28.404889,1692.204081632653,0.911557142857143,0.857919,0.8410164,-0.016902566
95.288444,29.132889,3756.326530612245,0.8864632653061224,0.83551073,0.802325,-0.03318572
93.243111,29.756889,5057.163265306122,0.36517755102040816,0.6412696,0.37244096,-0.26882866
94.387111,28.820889,3060.795918367347,0.8451102040816326,0.83934164,0.86746854,0.028126895
94.005778,29.236889,3859.1632653061224,0.9254040816326531,0.7755823,0.8330052,0.057422876
93.901778,29.167556,2930.122448979592,0.4242489795918367,0.7537854,0.7055677,-0.048217654
96.293778,30.432444,3808.285714285714,0.4589959183673469,0.57345676,0.66432875,0.09087199
93.693778,29.444889,4252.0204081632655,0.7692775510204082,0.59250677,0.63335186,0.040845096
93.104444,28.924889,4217.755102040816,0.7149244897959184,0.59770656,0.631571,0.03386444
96.766667,30.246667,4491.040816326531,0.8140714285714286,0.57365966,0.6730867,0.099427044
96.397778,28.335556,3186.4285714285716,0.8153918367346938,0.80864626,0.8733287,0.064682424
96.986222,30.027111,3987.8571428571427,0.4613081632653061,0.53318053,0.53602487,0.0028443336
94.525778,29.860889,4692.061224489796,0.5007061224489796,0.5532957,0.5412799,-0.01201576
93.659111,28.543556,2320.734693877551,0.8845877551020409,0.79494464,0.9019475,0.107002854
96.467111,28.855556,3455.3061224489797,0.8455265306122448,0.7668948,0.90756714,0.14067233
95.449333,30.246667,3476.183673469388,0.775634693877551,0.7679909,0.8484365,0.08044559
97.229778,28.612889,2509.918367346939,0.8347183673469388,0.7950713,0.8930209,0.097949624
95.753333,30.5,4627.571428571428,0.5523214285714285,0.42380446,0.6216545,0.19785005
93.760444,30.432444,4850.2040816326535,0.3237183673469388,0.6633153,0.512281,-0.1510343
93.589778,29.548889,4984.3877551020405,0.37801428571428575,0.44272637,0.3623885,-0.08033788
94.872444,28.682222,2074.7551020408164,0.8800612244897958,0.9199795,0.89421767,-0.025761843
97.091111,28.682222,3379.734693877551,0.9087979591836735,0.7958961,0.8597482,0.06385207
96.851111,30.466222,4968.34693877551,0.14010816326530606,0.38112494,0.38521895,0.0040940046
93.763111,28.335556,2584.918367346939,0.8935102040816326,0.90940803,0.87954885,-0.029859185
94.706222,30.044,3900.081632653061,0.7492979591836735,0.7517301,0.8230774,0.071347296
94.352444,28.890222,3653.816326530612,0.8509408163265307,0.8318023,0.82248783,-0.009314477
93.659111,29.167556,3921.3469387755104,0.8579755102040816,0.71614844,0.7351372,0.018988788
97.021778,28.266222,1268.9183673469388,0.5530387755102041,0.8139888,0.7707516,-0.04323721
97.680444,29.202222,4497.65306122449,0.6744367346938775,0.5796873,0.6058063,0.026118994
96.293778,28.751556,3091.1428571428573,0.8491265306122449,0.84168774,0.8680984,0.02641064
93.372,30.381778,5026.367346938776,0.2616836734693877,0.52051294,0.36063874,-0.1598742
93.051111,30.297333,4530.081632653061,0.7168183673469388,0.55301017,0.6143559,0.061345756
97.472444,28.578222,4557.224489795918,0.23437959183673468,0.72466165,0.53454816,-0.19011348
93.878667,30.466222,3784.8367346938776,0.8451918367346938,0.7586353,0.8610146,0.10237932
97.091111,29.340889,4744.448979591837,0.3615673469387755,0.59564805,0.47572327,-0.11992478
94.571111,30.314222,2610.6938775510203,0.8610367346938775,0.8320345,0.8133836,-0.018650949
94.115111,30.348,3613.122448979592,0.7538102040816327,0.8100745,0.8642697,0.054195166
94.334667,30.398667,2828.0204081632655,0.9211448979591836,0.8201121,0.8609425,0.040830374
93.797778,28.300889,2196.816326530612,0.954669387755102,0.89787865,0.9131341,0.015255451
97.543556,30.364889,4419.081632653061,0.5754224489795918,0.46181986,0.63139176,0.1695719
96.987111,28.890222,2980.734693877551,0.6615367346938776,0.79819983,0.7883657,-0.009834111
93.507111,30.145333,4499.306122448979,0.7851489795918367,0.60723054,0.66072994,0.0534994
96.397778,28.439556,3723.877551020408,0.7986265306122449,0.7850933,0.79787296,0.012779653
94.604889,30.128444,4500.367346938776,0.7484142857142857,0.73282593,0.5958377,-0.13698822
93.98,30.145333,4565.836734693878,0.6928551020408162,0.72699994,0.6136111,-0.11338884
95.669778,29.444889,2026.5714285714287,0.8327204081632653,0.8421206,0.80718935,-0.034931242
93.490222,30.027111,4691.938775510204,0.6395326530612245,0.53367615,0.52257246,-0.01110369
96.648444,30.398667,4490.897959183673,0.6824326530612245,0.6150678,0.6047546,-0.010313153
95.820889,30.179111,4062.530612244898,0.8662551020408163,0.7054826,0.787623,0.082140386
95.668889,30.415556,4306.285714285715,0.8114551020408163,0.6532656,0.72198594,0.06872034
97.982667,30.280444,3715.8979591836733,0.6323673469387755,0.50436723,0.37094882,-0.13341841
95.770222,30.297333,4661.183673469388,0.3324367346938775,0.7557634,0.5923523,-0.16341114
93.659111,28.370222,2012.4489795918366,0.945442857142857,0.91139245,0.91346943,0.0020769835
96.682222,30.415556,3546.1428571428573,0.3654,0.6068796,0.6266997,0.019820094
96.848444,28.127556,3815.081632653061,0.6577408163265306,0.8182299,0.81968194,0.0014520288
93.794222,30.010222,3964.8979591836733,0.8808775510204081,0.7199766,0.83521235,0.115235746
97.091111,28.231556,4105.489795918367,0.6276081632653061,0.7845298,0.7546335,-0.029896319
95.398667,30.179111,3025.265306122449,0.8693632653061224,0.7990142,0.8052387,0.006224513
97.160444,28.508889,4319.632653061224,0.33105102040816325,0.814548,0.7303008,-0.08424723
93.173778,29.687556,4802.3877551020405,0.7211326530612245,0.44583803,0.40102434,-0.044813693
96.328444,29.202222,3645.1632653061224,0.8879020408163265,0.8207524,0.823595,0.002842605
94.144444,29.756889,3253.795918367347,0.7254877551020408,0.74792963,0.812095,0.064165354
94.421778,29.063556,3657.285714285714,0.8056510204081633,0.82722193,0.83008575,0.0028638244
93.22,30.246667,4460.122448979592,0.7463142857142857,0.52801555,0.6625905,0.13457495
95.246667,30.162222,4108.530612244898,0.7061081632653061,0.74204636,0.7723977,0.03035134
93.912444,30.483111,4700.65306122449,0.5883061224489796,0.78250027,0.50486076,-0.2776395
95.669778,28.855556,2778.9591836734694,0.8824,0.85164833,0.8828818,0.03123349
94.803111,29.028889,1845.1020408163265,0.8955081632653062,0.8833747,0.9248741,0.041499436
96.124889,30.077778,4251.3877551020405,0.7464061224489795,0.6501842,0.77982765,0.12964344
97.021778,28.751556,2815.877551020408,0.8605714285714287,0.78857034,0.8509656,0.062395275
94.491111,28.612889,3782.877551020408,0.7897489795918368,0.8475517,0.8247048,-0.022846878
93.243111,29.444889,5074.938775510204,0.2719061224489796,0.47116223,0.4490942,-0.022068024
94.109778,29.375556,4322.0,0.8287795918367347,0.6350471,0.6616548,0.026607692
94.872444,29.548889,2938.795918367347,0.6259081632653061,0.74282664,0.67512417,-0.06770247
95.392444,28.578222,3418.1020408163267,0.8815857142857143,0.86564475,0.82606745,-0.039577305
94.837778,29.202222,3232.1020408163267,0.8691448979591836,0.81154245,0.8271724,0.015629947
94.199556,30.128444,4101.0,0.38607142857142857,0.69698155,0.7555491,0.058567524
97.680444,29.444889,3239.3061224489797,0.6142,0.61177707,0.59784395,-0.013933122
94.005778,28.682222,2961.591836734694,0.8607673469387755,0.8058093,0.8700403,0.06423098
94.486667,30.010222,4399.3877551020405,0.7828714285714286,0.6638984,0.69197905,0.028080642
93.624444,29.514222,4562.448979591837,0.7723081632653062,0.50194424,0.55366313,0.05171889
94.421778,28.612889,2161.3061224489797,0.8868530612244898,0.8733293,0.90148056,0.028151274
94.907111,28.682222,1057.0,0.9166959183673469,0.912582,0.8951352,-0.017446756
97.053778,30.483111,5095.775510204082,0.16196734693877546,0.47412246,0.3353892,-0.13873327
96.987111,28.439556,3422.2448979591836,0.9355163265306122,0.8282021,0.87042904,0.04222691
96.276889,30.432444,4270.224489795918,0.5689367346938776,0.5751328,0.6784636,0.10333079
96.344444,30.145333,4882.408163265306,0.4911897959183673,0.59741056,0.4453997,-0.15201086
97.229778,29.964889,4053.387755102041,0.3934061224489796,0.58831346,0.58223623,-0.00607723
94.115111,30.466222,4729.530612244898,0.4606714285714285,0.74797404,0.5050149,-0.24295914
97.091111,28.924889,4147.816326530612,0.6906040816326531,0.7602878,0.74822,-0.012067795
97.472444,29.722222,3762.0204081632655,0.9325122448979591,0.5742822,0.56532586,-0.008956373
94.132,30.466222,4633.816326530612,0.3969673469387755,0.74243754,0.5612939,-0.18114364
94.503556,30.077778,3216.3469387755104,0.8976795918367346,0.7986812,0.84670174,0.04802054
93.760444,30.027111,4450.102040816327,0.8040265306122449,0.7284976,0.65781134,-0.07068628
95.149778,28.647556,2337.3673469387754,0.8944469387755102,0.8773899,0.870054,-0.0073359013
94.109778,29.583556,4540.306122448979,0.7466714285714285,0.58139944,0.66262424,0.0812248
97.888444,29.271556,3334.734693877551,0.41685714285714287,0.63688797,0.5830055,-0.05388248
93.709778,30.044,4830.816326530612,0.3091755102040816,0.632285,0.3283825,-0.3039025
95.212889,30.077778,3181.6938775510203,0.9244489795918367,0.8023349,0.86238307,0.060048163
94.013778,30.212889,3938.122448979592,0.8843489795918367,0.6660867,0.81793797,0.1518513
96.141778,30.5,4703.34693877551,0.6658071428571428,0.53366053,0.51388675,-0.019773781
94.213778,29.722222,3370.122448979592,0.8995836734693877,0.80726147,0.85768753,0.050426066
95.080444,29.271556,2722.1632653061224,0.8984285714285714,0.87960386,0.8746715,-0.004932344
95.496444,28.890222,2504.122448979592,0.8923795918367347,0.8676343,0.8049856,-0.06264871
95.219111,29.098222,3334.061224489796,0.8917734693877551,0.84295356,0.8814933,0.038539708
94.872444,29.722222,3873.816326530612,0.8553530612244898,0.7686734,0.826183,0.0575096
97.160444,28.578222,2457.795918367347,0.887434693877551,0.8164458,0.8841597,0.06771386
97.437778,28.959556,3724.081632653061,0.8610285714285714,0.7851218,0.83849204,0.053370237
97.437778,28.751556,3670.673469387755,0.8738510204081633,0.7572822,0.8621444,0.10486221
93.520444,29.999556,4829.785714285715,0.3824142857142857,0.47843102,0.41538373,-0.06304729
93.451111,28.474222,2712.2244897959185,0.8847183673469388,0.85916585,0.8838924,0.02472657
93.035111,28.231556,3797.387755102041,0.8559326530612245,0.7909996,0.79379785,0.0027982593
96.023556,30.044,3883.795918367347,0.8834693877551021,0.76355606,0.8275103,0.063954234
94.213778,29.340889,4446.591836734694,0.7873102040816327,0.71581846,0.6303302,-0.08548826
95.565778,28.612889,2097.2448979591836,0.9270530612244898,0.88756174,0.8908342,0.0032724738
93.832444,28.439556,1501.591836734694,0.950442857142857,0.9238156,0.9156619,-0.008153737
96.800444,30.077778,4488.122448979592,0.4961877551020408,0.5499389,0.5609753,0.011036396
96.397778,28.647556,3420.7755102040815,0.8836571428571429,0.8017154,0.84473294,0.043017566
94.892,30.415556,4326.408163265306,0.5917428571428571,0.778183,0.62660664,-0.15157634
93.832444,28.300889,1844.0408163265306,0.8930795918367347,0.8930932,0.89356095,0.00046771765
97.229778,29.306222,4453.0,0.4903857142857143,0.6591821,0.6905903,0.03140825
93.971111,29.860889,4495.183673469388,0.6000326530612244,0.63033724,0.65594244,0.025605202
96.479556,30.179111,4127.632653061224,0.5888693877551021,0.6268456,0.65786254,0.031016946
96.155111,29.375556,3334.5510204081634,0.797,0.82234836,0.8831427,0.060794353
93.118667,30.060889,4259.183673469388,0.8874938775510204,0.5937063,0.7027883,0.10908198
93.832444,28.682222,3258.3061224489797,0.8471204081632654,0.7992535,0.8453291,0.046075583
95.565778,29.167556,4046.530612244898,0.6963877551020408,0.8069726,0.7840028,-0.022969842
95.449333,30.364889,4042.918367346939,0.8640081632653062,0.7671092,0.83257157,0.06546235
95.5,30.432444,4241.734693877551,0.8363857142857143,0.6887167,0.7632664,0.074549675
93.118667,30.162222,4093.734693877551,0.8203122448979592,0.6170088,0.73786956,0.120860755
96.935556,30.246667,4438.102040816327,0.6090204081632653,0.5095149,0.57409394,0.06457901
93.236889,30.331111,4988.061224489796,0.3413530612244898,0.5205462,0.3569911,-0.16355509
96.155111,28.474222,3063.4897959183672,0.8467367346938776,0.84442955,0.8853495,0.04091996
94.456444,28.335556,2768.5102040816328,0.9348979591836735,0.865079,0.8663082,0.0012292266
94.040444,29.271556,3215.9795918367345,0.8978326530612245,0.7792163,0.84143573,0.06221944
94.283111,28.266222,1234.6326530612246,0.9387836734693877,0.8736785,0.91905475,0.04537624
97.923111,29.098222,4127.857142857143,0.5928510204081633,0.6473763,0.7714835,0.12410718
94.756889,30.297333,3180.204081632653,0.8709387755102042,0.87258536,0.8588022,-0.013783157
95.516889,30.060889,3427.795918367347,0.8293367346938776,0.7990747,0.85286653,0.05379182
93.135556,30.060889,4903.755102040816,0.5877857142857144,0.5597683,0.40523103,-0.15453729
94.872444,28.994222,685.265306122449,0.9060469387755101,0.9123366,0.91344726,0.001110673
93.000444,29.306222,5035.357142857143,0.2726257142857142,0.41747454,0.32343957,-0.09403497
97.091111,29.202222,4082.6326530612246,0.8592061224489796,0.713902,0.7885169,0.07461488
95.212889,30.179111,3938.469387755102,0.8280591836734693,0.75449026,0.7869803,0.032490015
95.080444,29.202222,1096.5714285714287,0.9078142857142857,0.921234,0.88290054,-0.038333476
97.957778,29.964889,5038.285714285715,0.39319795918367345,0.57752377,0.30759636,-0.2699274
96.397778,29.652889,4909.081632653061,0.16665102040816326,0.6108551,0.13886428,-0.47199082
94.858222,30.398667,4137.469387755102,0.5002591836734694,0.78717184,0.7861303,-0.0010415316
94.664444,29.236889,3548.612244897959,0.8412428571428571,0.7784312,0.747434,-0.030997157
96.363111,28.786222,2557.5714285714284,0.9511714285714287,0.83257973,0.9145372,0.08195746
95.702667,30.111556,3422.0,0.8191081632653061,0.7449383,0.83559793,0.09065962
97.02,30.381778,5205.469387755102,0.15404081632653055,0.4278215,0.26596507,-0.16185641
94.436,30.314222,3988.734693877551,0.852030612244898,0.82000566,0.7971129,-0.022892773
95.739111,29.410222,3340.3061224489797,0.9221265306122448,0.8314023,0.8626446,0.031242311
94.595111,28.959556,2404.4285714285716,0.8755367346938776,0.8525235,0.91261554,0.060092032
94.421778,29.652889,3660.5510204081634,0.8818469387755101,0.7465053,0.73158807,-0.014917254
96.057333,30.027111,3902.387755102041,0.8433265306122448,0.73494726,0.83076096,0.09581369
97.992444,29.826222,5046.673469387755,0.21168367346938777,0.6118473,0.2682453,-0.34360197
96.571111,28.959556,4535.34693877551,0.5329,0.801917,0.6015562,-0.20036083
94.075111,28.266222,1366.8979591836735,0.9337755102040816,0.951398,0.91281974,-0.038578272
93.277778,29.514222,4670.918367346939,0.7015755102040816,0.4580004,0.54288185,0.084881455
95.364889,30.280444,3134.4489795918366,0.8102571428571429,0.76585615,0.84834814,0.082491994
97.923111,29.202222,3304.8367346938776,0.4625469387755102,0.65689975,0.5554135,-0.101486266
94.768444,29.132889,2545.5510204081634,0.8778102040816326,0.80638397,0.8782391,0.07185513
93.312444,29.098222,4795.34693877551,0.39451632653061225,0.6321384,0.45491853,-0.17721984
95.496444,29.028889,3003.3469387755104,0.9155265306122449,0.8235983,0.8484838,0.024885476
93.811111,30.010222,4034.3673469387754,0.8734163265306122,0.70548105,0.82437766,0.1188966
93.861778,30.010222,3726.6530612244896,0.8270061224489796,0.676512,0.7339324,0.057420373
93.084889,30.263556,4106.448979591837,0.8306551020408164,0.59840834,0.750931,0.15252268
95.719556,30.246667,3313.673469387755,0.8023673469387755,0.7910493,0.8647894,0.073740125
94.629778,29.860889,4669.428571428572,0.5994469387755101,0.5623059,0.56236494,5.90086e-05
96.243111,30.348,4860.326530612245,0.28999591836734695,0.69502497,0.34310135,-0.3519236
94.109778,29.999556,4921.5952380952385,0.30155306122448977,0.6493603,0.35476732,-0.29459298
95.461778,29.722222,3107.9795918367345,0.7721142857142856,0.83907616,0.8583541,0.01927793
94.638667,30.044,4255.897959183673,0.7251102040816326,0.7775272,0.75843585,-0.019091368
97.333778,29.063556,3322.1428571428573,0.8314448979591836,0.7567057,0.86305374,0.10634804
94.352444,28.543556,1832.4285714285713,0.8768061224489797,0.90038747,0.89028466,-0.0101028085
96.293778,28.196889,3499.061224489796,0.7801489795918367,0.83266187,0.82730657,-0.0053552985
95.184444,28.578222,1445.3469387755101,0.9295122448979591,0.9089885,0.8989061,-0.010082364
93.901778,29.375556,4625.224489795918,0.6592346938775511,0.72139114,0.60867107,-0.11272007
94.352444,28.508889,2244.8367346938776,0.8755734693877552,0.90004396,0.88782,-0.012223959
96.051111,28.370222,3508.5714285714284,0.8406959183673469,0.88063884,0.8693176,-0.011321247
93.069778,28.716889,4290.755102040816,0.7698081632653061,0.60224974,0.6846753,0.082425535
95.010222,30.381778,3429.714285714286,0.8816020408163265,0.7295954,0.8571667,0.12757128
96.952444,28.404889,3529.061224489796,0.7403938775510205,0.7900659,0.84942895,0.059363067
93.287556,30.229778,5060.775510204082,0.16182040816326526,0.5872695,0.27514088,-0.3121286
95.184444,28.751556,3449.285714285714,0.8781857142857143,0.86078256,0.80894846,-0.051834106
96.397778,28.370222,3553.4897959183672,0.7916428571428572,0.7926973,0.8127765,0.020079195
94.629778,28.578222,1139.3673469387754,0.9088163265306123,0.9392796,0.9158843,-0.0233953
96.192444,30.381778,3650.816326530612,0.5912877551020408,0.6975196,0.7956294,0.09810978
94.803111,29.722222,4813.306122448979,0.26383265306122455,0.74370134,0.40196082,-0.34174052
96.310667,30.263556,4802.0204081632655,0.15128367346938776,0.6029824,0.47695628,-0.12602612
94.803111,28.682222,1020.0408163265306,0.9192775510204081,0.9051324,0.94508487,0.039952457
96.952444,28.092889,3015.7551020408164,0.9229448979591837,0.87736887,0.8600773,-0.017291546
95.981778,29.306222,3205.9795918367345,0.9234795918367347,0.7913427,0.8776178,0.0862751
95.531111,29.687556,2867.9591836734694,0.8648061224489797,0.83845156,0.88271594,0.044264376
93.135556,30.196,4217.244897959184,0.9094714285714286,0.6097944,0.7351656,0.12537122
93.069778,28.058222,3514.1428571428573,0.7552408163265306,0.81778216,0.76571417,-0.052067995
93.485778,29.722222,4970.836734693878,0.5039857142857143,0.59915984,0.31708685,-0.282073
95.149778,29.860889,2137.530612244898,0.926142857142857,0.9000303,0.9101664,0.010136068
95.427111,28.543556,3762.673469387755,0.8412734693877552,0.8373103,0.8499413,0.012630999
95.531111,29.860889,3185.0204081632655,0.9255061224489797,0.77668154,0.85664093,0.07995939
97.576444,29.618222,4316.163265306122,0.6972734693877551,0.6218861,0.6787795,0.05689341
93.485778,28.751556,4759.244897959184,0.3548,0.6329676,0.45624906,-0.17671853
95.461778,29.028889,3289.5102040816328,0.8560367346938776,0.8301937,0.863474,0.033280313
95.415556,30.246667,3778.122448979592,0.9128,0.7898894,0.8685208,0.0786314
94.098222,30.044,3765.530612244898,0.8853530612244899,0.6095812,0.744458,0.13487685
97.053778,30.229778,3778.816326530612,0.3029408163265306,0.51849973,0.5165818,-0.0019179583
97.992444,29.999556,3838.0,0.7245673469387756,0.5562443,0.59579253,0.03954822
95.635111,30.077778,3150.8979591836733,0.7631224489795918,0.77381885,0.8248312,0.051012337
96.016444,29.722222,3253.6326530612246,0.8690734693877552,0.7556975,0.84418535,0.08848786
93.355111,30.314222,4896.142857142857,0.48449183673469387,0.6226295,0.42637366,-0.19625586
95.820889,30.5,4677.591836734694,0.218275,0.42439806,0.5229643,0.098566234
94.824444,30.483111,4430.877551020408,0.43153877551020403,0.72255546,0.53778887,-0.18476659
97.923111,29.028889,3175.7755102040815,0.5032408163265306,0.6484231,0.6393114,-0.009111702
97.541778,29.410222,4368.285714285715,0.6338551020408163,0.65691304,0.69567424,0.0387612
93.422667,30.010222,4910.183673469388,0.2644367346938775,0.6570799,0.33313254,-0.32394734
94.790667,30.212889,3897.530612244898,0.6132755102040817,0.87329865,0.8343569,-0.03894174
97.403111,29.098222,3141.2448979591836,0.8249816326530612,0.756742,0.7466959,-0.010046124
